=====================================================================
== C:\SERVICES\ni4906221_1_local\dayzxb\DayZServer_X1_x64.exe
== "C:\SERVICES\ni4906221_1_local\dayzxb\DayZServer_X1_x64.exe" -ip=95.156.224.21 -port=10700 -config=serverDZ_Private.cfg -limitFPS=100 -profiles=C:\SERVICES\ni4906221_1_local\dayzxb/config -nologs -adminlog -freezecheck
=====================================================================
Exe timestamp: 2026/08/11 17:20:42
Current time:  2026/09/29 18:30:45
Version 1.29.163709
=====================================================================

18:30:45.784 ENGINE    (W): No module info used, trying to identify -> 0x9A820000
18:30:45.784 ENGINE    (W): Adjusting job system settings to have at least one job worker thread.
18:30:45.896 [Inputs] Loading inputs default "bin/constants.xml"
18:30:45.896 [Inputs] Loading inputs default "bin/specific.xml"
18:30:45.896 [Inputs] Loading inputs cfg "bin/core.xml"
18:30:45.896 [Inputs] Exporting inputs cfg "C:\SERVICES\ni4906221_1_local\dayzxb/config\Users\Survivor\Server.core.xml"
18:30:46.513 ANIMATION (E): Can't load sakhal/Anims/cfg/skeletons.anim.xml
18:30:46.513 ANIMATION (E): Failed to open file, line 0, column 0
18:30:50.754 [SUCCESS] a2s init ip address 95 156 224 21 and port 10703
18:30:50.754 [A2S] run started
18:30:51.420 NETWORK      : Network simulation
18:30:51.420  Loading landscape 'chernarusplus'
18:30:51.420   WORLD        : Create entity type 'Land_power_pole_conc1_amp'
18:30:51.420    ENTITY    (E): Type 'HouseType' must be inherited from class 'PASReceiverType'
18:30:51.435   ENTITY       : Load entity type 'Land_Mil_Barracks5'
18:30:51.435    ENTITY    (W): Door 'DoorsTwin1' is missing geometry components for selection 'DoorsTwin1', check model+config
18:30:51.451   WORLD        : Create entity type 'Land_radio_panelpas'
18:30:51.451    ENTITY    (E): Type 'HouseType' must be inherited from class 'PASBroadcasterType'
18:30:51.467   ENTITY       : Load entity type 'Land_Prison_Side'
18:30:51.467    ENTITY    (W): Door 'DoorsTwin1' is missing geometry components for selection 'DoorsTwin1', check model+config
18:30:51.467    ENTITY    (W): Door 'DoorsTwin2' is missing geometry components for selection 'DoorsTwin2', check model+config
18:30:51.467    ENTITY    (W): Door 'DoorsTwin3' is missing geometry components for selection 'DoorsTwin3', check model+config
18:30:51.467    ENTITY    (W): Door 'DoorsTwin4' is missing geometry components for selection 'DoorsTwin4', check model+config
18:30:51.467    ENTITY    (W): Door 'DoorsTwin5' is missing geometry components for selection 'DoorsTwin5', check model+config
18:30:51.467    ENTITY    (W): Door 'DoorsTwin6' is missing geometry components for selection 'DoorsTwin6', check model+config
18:30:51.467    ENTITY    (W): Door 'DoorsTwin7' is missing geometry components for selection 'DoorsTwin7', check model+config
18:30:51.467    ENTITY    (W): Door 'DoorsTwin8' is missing geometry components for selection 'DoorsTwin8', check model+config
18:30:51.482   WORLD        : Create entity type 'Land_power_pole_wood1_amp'
18:30:51.482    ENTITY    (E): Type 'HouseType' must be inherited from class 'PASReceiverType'
18:30:51.498   ENTITY       : Load entity type 'Land_Container_1Mo'
18:30:51.498    ENTITY    (W): Door 'DoorsTwin1' is missing geometry components for selection 'DoorsTwin1', check model+config
18:30:51.498    ENTITY    (W): Door 'DoorsTwin2' is missing geometry components for selection 'DoorsTwin2', check model+config
18:30:51.498   ENTITY       : Load entity type 'Land_Workshop3'
18:30:51.498    ENTITY    (W): Door 'DoorsTwin1' is missing geometry components for selection 'DoorsTwin1', check model+config
18:30:51.498    ENTITY    (W): Door 'DoorsTwin2' is missing geometry components for selection 'DoorsTwin2', check model+config
18:30:51.514   WORLD        : Create entity type 'Land_lamp_city1_amp'
18:30:51.514    ENTITY    (E): Type 'HouseType' must be inherited from class 'PASReceiverType'
18:30:51.529   ENTITY       : Load entity type 'Land_Workshop1'
18:30:51.529    ENTITY    (W): Door 'DoorsTwin1' is missing geometry components for selection 'DoorsTwin1', check model+config
18:30:51.545   ENTITY       : Load entity type 'Land_Wall_Gate_FenG_Big'
18:30:51.545    ENTITY    (W): Door 'DoorsTwin1' is missing geometry components for selection 'DoorsTwin1', check model+config
18:30:51.560   ENTITY       : Load entity type 'Land_Wreck_sed01_aban1_white'
18:30:51.560    ENTITY    (W): Door 'Doors3' is missing geometry components for selection 'Doors3', check model+config
18:30:51.560   ENTITY       : Load entity type 'Land_Wreck_hb02_aban1_blue'
18:30:51.560    ENTITY    (W): Door 'Doors3' is missing geometry components for selection 'Doors3', check model+config
18:30:51.560   ENTITY       : Load entity type 'Land_House_2W03_Brown'
18:30:51.560    ENTITY    (W): Door 'DoorsTwin1' is missing geometry components for selection 'DoorsTwin1', check model+config
18:30:51.576   ENTITY       : Load entity type 'Land_House_2W03'
18:30:51.576    ENTITY    (W): Door 'DoorsTwin1' is missing geometry components for selection 'DoorsTwin1', check model+config
18:30:51.576   ENTITY       : Load entity type 'Land_Wall_Gate_FenR_Big'
18:30:51.576    ENTITY    (W): Door 'DoorsTwin1' is missing geometry components for selection 'DoorsTwin1', check model+config
18:30:51.576   ENTITY       : Load entity type 'Land_Wreck_sed02_aban1_yellow'
18:30:51.576    ENTITY    (W): Door 'Doors1' is missing geometry components for selection 'Doors1', check model+config
18:30:51.576    ENTITY    (W): Door 'Doors2' is missing geometry components for selection 'Doors2', check model+config
18:30:51.576    ENTITY    (W): Door 'Doors3' is missing geometry components for selection 'Doors3', check model+config
18:30:51.607   ENTITY       : Load entity type 'Land_Wall_Gate_FenR_Big_Open'
18:30:51.607    ENTITY    (W): Door 'DoorsTwin1' is missing geometry components for selection 'DoorsTwin1', check model+config
18:30:51.607   WORLD        : Create entity type 'Land_power_pole_wood1_lamp_amp'
18:30:51.607    ENTITY    (E): Type 'HouseType' must be inherited from class 'PASReceiverType'
18:30:51.623   ENTITY       : Load entity type 'Land_Church2_2'
18:30:51.623    ENTITY    (W): Door 'DoorsTwin1' is missing geometry components for selection 'DoorsTwin1', check model+config
18:30:51.639   ENTITY       : Load entity type 'Land_Wreck_sed01_aban2_wine'
18:30:51.639    ENTITY    (W): Door 'Doors3' is missing geometry components for selection 'Doors3', check model+config
18:30:51.654   ENTITY       : Load entity type 'Land_Wreck_sed01_aban2_white'
18:30:51.654    ENTITY    (W): Door 'Doors3' is missing geometry components for selection 'Doors3', check model+config
18:30:51.654   ENTITY       : Load entity type 'Land_Tenement_Small'
18:30:51.654    ENTITY    (W): Unknown object class 'thing' (dz\structures\furniture\eletrical_appliances\washing_machine\washing_machine.p3d)
18:30:51.654    ENTITY    (W): Unknown object class 'thing' (dz\structures\furniture\eletrical_appliances\washing_machine\washing_machine.p3d)
18:30:51.654    ENTITY    (W): Unknown object class 'thing' (dz\structures\furniture\eletrical_appliances\washing_machine\washing_machine.p3d)
18:30:51.654    ENTITY    (W): Unknown object class 'thing' (dz\structures\furniture\eletrical_appliances\washing_machine\washing_machine.p3d)
18:30:51.654    ENTITY    (W): Unknown object class 'thing' (dz\structures\furniture\eletrical_appliances\washing_machine\washing_machine.p3d)
18:30:51.654    ENTITY    (W): Unknown object class 'thing' (dz\structures\furniture\eletrical_appliances\washing_machine\washing_machine.p3d)
18:30:51.654    ENTITY    (W): Unknown object class 'thing' (dz\structures\furniture\eletrical_appliances\washing_machine\washing_machine.p3d)
18:30:51.685   ENTITY       : Load entity type 'Land_Tenement_Big'
18:30:51.685    ENTITY    (W): Unknown object class 'thing' (dz\structures\furniture\eletrical_appliances\washing_machine\washing_machine.p3d)
18:30:51.685    ENTITY    (W): Unknown object class 'thing' (dz\structures\furniture\eletrical_appliances\washing_machine\washing_machine.p3d)
18:30:51.685    ENTITY    (W): Unknown object class 'thing' (dz\structures\furniture\eletrical_appliances\washing_machine\washing_machine.p3d)
18:30:51.685    ENTITY    (W): Unknown object class 'thing' (dz\structures\furniture\eletrical_appliances\washing_machine\washing_machine.p3d)
18:30:51.685    ENTITY    (W): Unknown object class 'thing' (dz\structures\furniture\eletrical_appliances\washing_machine\washing_machine.p3d)
18:30:51.685    ENTITY    (W): Unknown object class 'thing' (dz\structures\furniture\eletrical_appliances\washing_machine\washing_machine.p3d)
18:30:51.685    ENTITY    (W): Unknown object class 'thing' (dz\structures\furniture\eletrical_appliances\washing_machine\washing_machine.p3d)
18:30:51.685    ENTITY    (W): Unknown object class 'thing' (dz\structures\furniture\eletrical_appliances\washing_machine\washing_machine.p3d)
18:30:51.685    ENTITY    (W): Unknown object class 'thing' (dz\structures\furniture\eletrical_appliances\washing_machine\washing_machine.p3d)
18:30:51.701   ENTITY       : Load entity type 'Land_City_Store'
18:30:51.701    ENTITY    (W): Door 'DoorsTwin1' is missing geometry components for selection 'DoorsTwin1', check model+config
18:30:51.701    ENTITY    (W): Door 'DoorsTwin2' is missing geometry components for selection 'DoorsTwin2', check model+config
18:30:51.701    ENTITY    (W): Door 'DoorsTwin3' is missing geometry components for selection 'DoorsTwin3', check model+config
18:30:51.701    ENTITY    (W): Door 'DoorsTwin4' is missing geometry components for selection 'DoorsTwin4', check model+config
18:30:51.701    ENTITY    (W): Door 'DoorsTwin5' is missing geometry components for selection 'DoorsTwin5', check model+config
18:30:51.701   ENTITY       : Load entity type 'Land_Wreck_sed01_aban2_black'
18:30:51.701    ENTITY    (W): Door 'Doors3' is missing geometry components for selection 'Doors3', check model+config
18:30:51.717   ENTITY       : Load entity type 'Land_Wreck_sed01_aban1_black'
18:30:51.717    ENTITY    (W): Door 'Doors3' is missing geometry components for selection 'Doors3', check model+config
18:30:51.717   ENTITY       : Load entity type 'Land_Wreck_sed02_aban1_red'
18:30:51.717    ENTITY    (W): Door 'Doors1' is missing geometry components for selection 'Doors1', check model+config
18:30:51.717    ENTITY    (W): Door 'Doors2' is missing geometry components for selection 'Doors2', check model+config
18:30:51.717    ENTITY    (W): Door 'Doors3' is missing geometry components for selection 'Doors3', check model+config
18:30:51.748   ENTITY       : Load entity type 'Land_Wreck_hb01_aban1_blue'
18:30:51.748    ENTITY    (W): Door 'Doors1' is missing geometry components for selection 'Doors1', check model+config
18:30:51.748    ENTITY    (W): Door 'Doors2' is missing geometry components for selection 'Doors2', check model+config
18:30:51.748   ENTITY       : Load entity type 'Land_City_School'
18:30:51.748    ENTITY    (W): Door 'DoorsTwin1' is missing geometry components for selection 'DoorsTwin1', check model+config
18:30:51.748    ENTITY    (W): Door 'DoorsTwin3' is missing geometry components for selection 'DoorsTwin3', check model+config
18:30:51.748    ENTITY    (W): Door 'DoorsTwin4' is missing geometry components for selection 'DoorsTwin4', check model+config
18:30:51.748    ENTITY    (W): Door 'DoorsTwin5' is missing geometry components for selection 'DoorsTwin5', check model+config
18:30:51.748    ENTITY    (W): Door 'DoorsTwin6' is missing geometry components for selection 'DoorsTwin6', check model+config
18:30:51.748    ENTITY    (W): Door 'DoorsTwin7' is missing geometry components for selection 'DoorsTwin7', check model+config
18:30:51.748    ENTITY    (W): Unknown object class 'thing' (dz\structures\proxy_buildingparts\lightningcond\lightningconductormiddle\lightningconductormiddle.p3d)
18:30:51.748    ENTITY    (W): Unknown object class 'thing' (dz\structures\proxy_buildingparts\lightningcond\lightningconductormiddle\lightningconductormiddle.p3d)
18:30:51.748    ENTITY    (W): Unknown object class 'thing' (dz\structures\proxy_buildingparts\lightningcond\lightningconductormiddle\lightningconductormiddle.p3d)
18:30:51.748    ENTITY    (W): Unknown object class 'thing' (dz\structures\proxy_buildingparts\lightningcond\lightningconductormiddle\lightningconductormiddle.p3d)
18:30:51.748    ENTITY    (W): Unknown object class 'thing' (dz\structures\proxy_buildingparts\lightningcond\lightningconductormiddle\lightningconductormiddle.p3d)
18:30:51.748    ENTITY    (W): Unknown object class 'thing' (dz\structures\proxy_buildingparts\lightningcond\lightningconductormiddle\lightningconductormiddle.p3d)
18:30:51.748    ENTITY    (W): Unknown object class 'thing' (dz\structures\proxy_buildingparts\lightningcond\lightningconductormiddle\lightningconductormiddle.p3d)
18:30:51.748    ENTITY    (W): Unknown object class 'thing' (dz\structures\proxy_buildingparts\lightningcond\lightningconductormiddle\lightningconductormiddle.p3d)
18:30:51.748    ENTITY    (W): Unknown object class 'thing' (dz\structures\proxy_buildingparts\lightningcond\lightningconductormiddle\lightningconductormiddle.p3d)
18:30:51.748    ENTITY    (W): Unknown object class 'thing' (dz\structures\proxy_buildingparts\lightningcond\lightningconductormiddle\lightningconductormiddle.p3d)
18:30:51.748    ENTITY    (W): Unknown object class 'thing' (dz\structures\proxy_buildingparts\lightningcond\lightningconductormiddle\lightningconductormiddle.p3d)
18:30:51.748    ENTITY    (W): Unknown object class 'thing' (dz\structures\proxy_buildingparts\lightningcond\lightningconductormiddle\lightningconductormiddle.p3d)
18:30:51.748    ENTITY    (W): Unknown object class 'thing' (dz\structures\proxy_buildingparts\lightningcond\lightningconductormiddle\lightningconductormiddle.p3d)
18:30:51.748    ENTITY    (W): Unknown object class 'thing' (dz\structures\proxy_buildingparts\lightningcond\lightningconductormiddle\lightningconductormiddle.p3d)
18:30:51.748    ENTITY    (W): Unknown object class 'thing' (dz\structures\proxy_buildingparts\lightningcond\lightningconductormiddle\lightningconductormiddle.p3d)
18:30:51.748    ENTITY    (W): Unknown object class 'thing' (dz\structures\proxy_buildingparts\lightningcond\lightningconductormiddle\lightningconductormiddle.p3d)
18:30:51.748    ENTITY    (W): Unknown object class 'thing' (dz\structures\proxy_buildingparts\lightningcond\lightningconductormiddle\lightningconductormiddle.p3d)
18:30:51.748    ENTITY    (W): Unknown object class 'thing' (dz\structures\proxy_buildingparts\lightningcond\lightningconductormiddle\lightningconductormiddle.p3d)
18:30:51.748    ENTITY    (W): Unknown object class 'thing' (dz\structures\proxy_buildingparts\lightningcond\lightningconductormiddle\lightningconductormiddle.p3d)
18:30:51.748    ENTITY    (W): Unknown object class 'thing' (dz\structures\proxy_buildingparts\lightningcond\lightningconductormiddle\lightningconductormiddle.p3d)
18:30:51.748    ENTITY    (W): Unknown object class 'thing' (dz\structures\proxy_buildingparts\lightningcond\lightningconductormiddle\lightningconductormiddle.p3d)
18:30:51.748    ENTITY    (W): Unknown object class 'thing' (dz\structures\proxy_buildingparts\lightningcond\lightningconductormiddle\lightningconductormiddle.p3d)
18:30:51.748    ENTITY    (W): Unknown object class 'thing' (dz\structures\proxy_buildingparts\lightningcond\lightningconductormiddle\lightningconductormiddle.p3d)
18:30:51.748    ENTITY    (W): Unknown object class 'thing' (dz\structures\proxy_buildingparts\lightningcond\lightningconductormiddle\lightningconductormiddle.p3d)
18:30:51.748    ENTITY    (W): Unknown object class 'thing' (dz\structures\proxy_buildingparts\lightningcond\lightningconductormiddle\lightningconductormiddle.p3d)
18:30:51.748    ENTITY    (W): Unknown object class 'thing' (dz\structures\proxy_buildingparts\lightningcond\lightningconductormiddle\lightningconductormiddle.p3d)
18:30:51.748    ENTITY    (W): Unknown object class 'thing' (dz\structures\proxy_buildingparts\lightningcond\lightningconductormiddle\lightningconductormiddle.p3d)
18:30:51.748    ENTITY    (W): Unknown object class 'thing' (dz\structures\proxy_buildingparts\lightningcond\lightningconductormiddle\lightningconductormiddle.p3d)
18:30:51.748    ENTITY    (W): Unknown object class 'thing' (dz\structures\proxy_buildingparts\lightningcond\lightningconductormiddle\lightningconductormiddle.p3d)
18:30:51.748    ENTITY    (W): Unknown object class 'thing' (dz\structures\proxy_buildingparts\lightningcond\lightningconductormiddle\lightningconductormiddle.p3d)
18:30:51.748    ENTITY    (W): Unknown object class 'thing' (dz\structures\proxy_buildingparts\lightningcond\lightningconductormiddle\lightningconductormiddle.p3d)
18:30:51.748    ENTITY    (W): Unknown object class 'thing' (dz\structures\proxy_buildingparts\lightningcond\lightningconductormiddle\lightningconductormiddle.p3d)
18:30:51.748    ENTITY    (W): Unknown object class 'thing' (dz\structures\proxy_buildingparts\lightningcond\lightningconductormiddle\lightningconductormiddle.p3d)
18:30:51.748    ENTITY    (W): Unknown object class 'thing' (dz\structures\proxy_buildingparts\lightningcond\lightningconductormiddle\lightningconductormiddle.p3d)
18:30:51.748    ENTITY    (W): Unknown object class 'thing' (dz\structures\proxy_buildingparts\lightningcond\lightningconductormiddle\lightningconductormiddle.p3d)
18:30:51.748    ENTITY    (W): Unknown object class 'thing' (dz\structures\proxy_buildingparts\lightningcond\lightningconductormiddle\lightningconductormiddle.p3d)
18:30:51.748    ENTITY    (W): Unknown object class 'thing' (dz\structures\proxy_buildingparts\lightningcond\lightningconductormiddle\lightningconductormiddle.p3d)
18:30:51.748    ENTITY    (W): Unknown object class 'thing' (dz\structures\proxy_buildingparts\lightningcond\lightningconductormiddle\lightningconductormiddle.p3d)
18:30:51.748    ENTITY    (W): Unknown object class 'thing' (dz\structures\proxy_buildingparts\lightningcond\lightningconductormiddle\lightningconductormiddle.p3d)
18:30:51.748    ENTITY    (W): Unknown object class 'thing' (dz\structures\proxy_buildingparts\lightningcond\lightningconductormiddle\lightningconductormiddle.p3d)
18:30:51.748    ENTITY    (W): Unknown object class 'thing' (dz\structures\proxy_buildingparts\lightningcond\lightningconductormiddle\lightningconductormiddle.p3d)
18:30:51.748    ENTITY    (W): Unknown object class 'thing' (dz\structures\proxy_buildingparts\lightningcond\lightningconductormiddle\lightningconductormiddle.p3d)
18:30:51.748    ENTITY    (W): Unknown object class 'thing' (dz\structures\proxy_buildingparts\lightningcond\lightningconductormiddle\lightningconductormiddle.p3d)
18:30:51.748    ENTITY    (W): Unknown object class 'thing' (dz\structures\proxy_buildingparts\lightningcond\lightningconductormiddle\lightningconductormiddle.p3d)
18:30:51.748    ENTITY    (W): Unknown object class 'thing' (dz\structures\proxy_buildingparts\lightningcond\lightningconductormiddle\lightningconductormiddle.p3d)
18:30:51.748    ENTITY    (W): Unknown object class 'thing' (dz\structures\proxy_buildingparts\lightningcond\lightningconductormiddle\lightningconductormiddle.p3d)
18:30:51.748    ENTITY    (W): Unknown object class 'thing' (dz\structures\proxy_buildingparts\lightningcond\lightningconductormiddle\lightningconductormiddle.p3d)
18:30:51.748    ENTITY    (W): Unknown object class 'thing' (dz\structures\proxy_buildingparts\lightningcond\lightningconductormiddle\lightningconductormiddle.p3d)
18:30:51.748    ENTITY    (W): Unknown object class 'thing' (dz\structures\proxy_buildingparts\lightningcond\lightningconductormiddle\lightningconductormiddle.p3d)
18:30:51.748    ENTITY    (W): Unknown object class 'thing' (dz\structures\proxy_buildingparts\lightningcond\lightningconductormiddle\lightningconductormiddle.p3d)
18:30:51.748    ENTITY    (W): Unknown object class 'thing' (dz\structures\proxy_buildingparts\lightningcond\lightningconductormiddle\lightningconductormiddle.p3d)
18:30:51.779   ENTITY       : Load entity type 'Land_Garage_Row_Small'
18:30:51.779    ENTITY    (W): Door 'DoorsTwin1' is missing geometry components for selection 'DoorsTwin1', check model+config
18:30:51.779    ENTITY    (W): Door 'DoorsTwin2' is missing geometry components for selection 'DoorsTwin2', check model+config
18:30:51.779    ENTITY    (W): Door 'DoorsTwin3' is missing geometry components for selection 'DoorsTwin3', check model+config
18:30:51.795   ENTITY       : Load entity type 'Land_Wreck_sed02_aban1_grey'
18:30:51.795    ENTITY    (W): Door 'Doors1' is missing geometry components for selection 'Doors1', check model+config
18:30:51.795    ENTITY    (W): Door 'Doors2' is missing geometry components for selection 'Doors2', check model+config
18:30:51.795    ENTITY    (W): Door 'Doors3' is missing geometry components for selection 'Doors3', check model+config
18:30:51.795   ENTITY       : Load entity type 'Land_Wreck_hb01_aban1_white'
18:30:51.795    ENTITY    (W): Door 'Doors1' is missing geometry components for selection 'Doors1', check model+config
18:30:51.795    ENTITY    (W): Door 'Doors2' is missing geometry components for selection 'Doors2', check model+config
18:30:51.795   ENTITY       : Load entity type 'Land_Wreck_hb02_aban1_red'
18:30:51.795    ENTITY    (W): Door 'Doors3' is missing geometry components for selection 'Doors3', check model+config
18:30:51.810   ENTITY       : Load entity type 'Land_Wreck_hb01_aban2_green'
18:30:51.810    ENTITY    (W): Door 'Doors1' is missing geometry components for selection 'Doors1', check model+config
18:30:51.810    ENTITY    (W): Door 'Doors2' is missing geometry components for selection 'Doors2', check model+config
18:30:51.826   ENTITY       : Load entity type 'Land_HouseBlock_1F4'
18:30:51.826    ENTITY    (W): Door 'DoorsTwin1' is missing geometry components for selection 'DoorsTwin1', check model+config
18:30:51.826   ENTITY       : Load entity type 'Land_HouseBlock_2F_Corner'
18:30:51.826    ENTITY    (W): Door 'DoorsTwin1' is missing geometry components for selection 'DoorsTwin1', check model+config
18:30:51.826    ENTITY    (W): Door 'DoorsTwin2' is missing geometry components for selection 'DoorsTwin2', check model+config
18:30:51.842   ENTITY       : Load entity type 'Land_HouseBlock_2F8'
18:30:51.842    ENTITY    (W): Door 'DoorsTwin1' is missing geometry components for selection 'DoorsTwin1', check model+config
18:30:51.842   ENTITY       : Load entity type 'Land_House_2W02'
18:30:51.842    ENTITY    (W): Door 'DoorsTwin1' is missing geometry components for selection 'DoorsTwin1', check model+config
18:30:51.857   ENTITY       : Load entity type 'Land_HouseBlock_2F1'
18:30:51.857    ENTITY    (W): Door 'DoorsTwin1' is missing geometry components for selection 'DoorsTwin1', check model+config
18:30:51.857    ENTITY    (W): Door 'DoorsTwin2' is missing geometry components for selection 'DoorsTwin2', check model+config
18:30:51.857   ENTITY       : Load entity type 'Land_HouseBlock_2F2'
18:30:51.857    ENTITY    (W): Door 'DoorsTwin1' is missing geometry components for selection 'DoorsTwin1', check model+config
18:30:51.857    ENTITY    (W): Door 'DoorsTwin2' is missing geometry components for selection 'DoorsTwin2', check model+config
18:30:51.857    ENTITY    (W): Unknown object class 'thing' (dz\structures\furniture\eletrical_appliances\washing_machine\washing_machine.p3d)
18:30:51.857    ENTITY    (W): Unknown object class 'thing' (dz\structures\furniture\eletrical_appliances\washing_machine\washing_machine.p3d)
18:30:51.857    ENTITY    (W): Unknown object class 'thing' (dz\structures\furniture\eletrical_appliances\washing_machine\washing_machine.p3d)
18:30:51.857   ENTITY       : Load entity type 'Land_Garage_Small'
18:30:51.857    ENTITY    (W): Door 'DoorsTwin1' is missing geometry components for selection 'DoorsTwin1', check model+config
18:30:51.857   ENTITY       : Load entity type 'Land_House_2W04_Yellow'
18:30:51.857    ENTITY    (W): Door 'DoorsTwin1' is missing geometry components for selection 'DoorsTwin1', check model+config
18:30:51.857   ENTITY       : Load entity type 'Land_HouseBlock_1F1'
18:30:51.857    ENTITY    (W): Unknown object class 'thing' (dz\structures\furniture\eletrical_appliances\washing_machine\washing_machine.p3d)
18:30:51.857    ENTITY    (W): Unknown object class 'thing' (dz\structures\furniture\eletrical_appliances\washing_machine\washing_machine.p3d)
18:30:51.857    ENTITY    (W): Unknown object class 'thing' (dz\structures\furniture\eletrical_appliances\washing_machine\washing_machine.p3d)
18:30:51.873   ENTITY       : Load entity type 'Land_Church3'
18:30:51.873    ENTITY    (W): Door 'DoorsTwin1' is missing geometry components for selection 'DoorsTwin1', check model+config
18:30:51.904   ENTITY       : Load entity type 'Land_HouseBlock_3F_Corner1'
18:30:51.904    ENTITY    (W): Door 'DoorsTwin1' is missing geometry components for selection 'DoorsTwin1', check model+config
18:30:51.904    ENTITY    (W): Door 'DoorsTwin2' is missing geometry components for selection 'DoorsTwin2', check model+config
18:30:51.904    ENTITY    (W): Unknown object class 'thing' (dz\structures\furniture\eletrical_appliances\washing_machine\washing_machine.p3d)
18:30:51.904    ENTITY    (W): Unknown object class 'thing' (dz\structures\furniture\eletrical_appliances\washing_machine\washing_machine.p3d)
18:30:51.904    ENTITY    (W): Unknown object class 'thing' (dz\structures\furniture\eletrical_appliances\washing_machine\washing_machine.p3d)
18:30:51.904   ENTITY       : Load entity type 'Land_HouseBlock_3F2'
18:30:51.904    ENTITY    (W): Door 'DoorsTwin1' is missing geometry components for selection 'DoorsTwin1', check model+config
18:30:51.904    ENTITY    (W): Door 'DoorsTwin2' is missing geometry components for selection 'DoorsTwin2', check model+config
18:30:51.920   ENTITY       : Load entity type 'Land_Wreck_hb02_aban1_black'
18:30:51.920    ENTITY    (W): Door 'Doors3' is missing geometry components for selection 'Doors3', check model+config
18:30:51.920   ENTITY       : Load entity type 'Land_HouseBlock_2F6'
18:30:51.920    ENTITY    (W): Door 'DoorsTwin1' is missing geometry components for selection 'DoorsTwin1', check model+config
18:30:51.935   ENTITY       : Load entity type 'Land_Wreck_sed01_aban1_wine'
18:30:51.935    ENTITY    (W): Door 'Doors3' is missing geometry components for selection 'Doors3', check model+config
18:30:51.935   ENTITY       : Load entity type 'Land_Workshop4'
18:30:51.935    ENTITY    (W): Door 'DoorsTwin1' is missing geometry components for selection 'DoorsTwin1', check model+config
18:30:51.935   ENTITY       : Load entity type 'Land_Workshop2'
18:30:51.935    ENTITY    (W): Door 'DoorsTwin1' is missing geometry components for selection 'DoorsTwin1', check model+config
18:30:51.951   WORLD        : Create entity type 'Land_power_pole_conc4_lamp_amp'
18:30:51.951    ENTITY    (E): Type 'HouseType' must be inherited from class 'PASReceiverType'
18:30:51.951   ENTITY       : Load entity type 'Land_Wreck_sed02_aban2_red'
18:30:51.951    ENTITY    (W): Door 'Doors1' is missing geometry components for selection 'Doors1', check model+config
18:30:51.951    ENTITY    (W): Door 'Doors2' is missing geometry components for selection 'Doors2', check model+config
18:30:51.951    ENTITY    (W): Door 'Doors3' is missing geometry components for selection 'Doors3', check model+config
18:30:51.967   ENTITY       : Load entity type 'Land_HouseBlock_1F3'
18:30:51.967    ENTITY    (W): Door 'DoorsTwin1' is missing geometry components for selection 'DoorsTwin1', check model+config
18:30:51.982   ENTITY       : Load entity type 'Land_HouseBlock_2F4'
18:30:51.982    ENTITY    (W): Door 'DoorsTwin1' is missing geometry components for selection 'DoorsTwin1', check model+config
18:30:51.998   ENTITY       : Load entity type 'Land_HouseBlock_2F9'
18:30:51.998    ENTITY    (W): Door 'DoorsTwin1' is missing geometry components for selection 'DoorsTwin1', check model+config
18:30:51.998   ENTITY       : Load entity type 'Land_Wreck_sed02_aban2_yellow'
18:30:51.998    ENTITY    (W): Door 'Doors1' is missing geometry components for selection 'Doors1', check model+config
18:30:51.998    ENTITY    (W): Door 'Doors2' is missing geometry components for selection 'Doors2', check model+config
18:30:51.998    ENTITY    (W): Door 'Doors3' is missing geometry components for selection 'Doors3', check model+config
18:30:52.14    ENTITY       : Load entity type 'Land_Wreck_hb01_aban2_blue'
18:30:52.14     ENTITY    (W): Door 'Doors1' is missing geometry components for selection 'Doors1', check model+config
18:30:52.14     ENTITY    (W): Door 'Doors2' is missing geometry components for selection 'Doors2', check model+config
18:30:52.14    ENTITY       : Load entity type 'Land_Rail_Station_Big'
18:30:52.14     ENTITY    (W): Door 'DoorsTwin1' is missing geometry components for selection 'DoorsTwin1', check model+config
18:30:52.29    ENTITY       : Load entity type 'Land_Wall_Gate_FenG_Big_Open'
18:30:52.29     ENTITY    (W): Door 'DoorsTwin1' is missing geometry components for selection 'DoorsTwin1', check model+config
18:30:52.29    ENTITY       : Load entity type 'Land_City_PoliceStation'
18:30:52.29     ENTITY    (W): Door 'DoorsTwin1' is missing geometry components for selection 'DoorsTwin1', check model+config
18:30:52.29     ENTITY    (W): Door 'DoorsTwin2' is missing geometry components for selection 'DoorsTwin2', check model+config
18:30:52.29     ENTITY    (W): Door 'DoorsTwin3' is missing geometry components for selection 'DoorsTwin3', check model+config
18:30:52.60    ENTITY       : Load entity type 'Land_Wreck_sed02_aban2_grey'
18:30:52.60     ENTITY    (W): Door 'Doors1' is missing geometry components for selection 'Doors1', check model+config
18:30:52.60     ENTITY    (W): Door 'Doors2' is missing geometry components for selection 'Doors2', check model+config
18:30:52.60     ENTITY    (W): Door 'Doors3' is missing geometry components for selection 'Doors3', check model+config
18:30:52.60    ENTITY       : Load entity type 'Land_Garage_Row_Big'
18:30:52.60     ENTITY    (W): Door 'DoorsTwin1' is missing geometry components for selection 'DoorsTwin1', check model+config
18:30:52.60     ENTITY    (W): Door 'DoorsTwin2' is missing geometry components for selection 'DoorsTwin2', check model+config
18:30:52.60     ENTITY    (W): Door 'DoorsTwin3' is missing geometry components for selection 'DoorsTwin3', check model+config
18:30:52.60     ENTITY    (W): Door 'DoorsTwin4' is missing geometry components for selection 'DoorsTwin4', check model+config
18:30:52.76    ENTITY       : Load entity type 'Land_City_Hospital'
18:30:52.76     ENTITY    (W): Door 'DoorsTwin1' is missing geometry components for selection 'DoorsTwin1', check model+config
18:30:52.76    ENTITY       : Load entity type 'Land_Container_1Bo'
18:30:52.76     ENTITY    (W): Door 'DoorsTwin1' is missing geometry components for selection 'DoorsTwin1', check model+config
18:30:52.76     ENTITY    (W): Door 'DoorsTwin2' is missing geometry components for selection 'DoorsTwin2', check model+config
18:30:52.76    ENTITY       : Load entity type 'Land_City_Store_WithStairs'
18:30:52.76     ENTITY    (W): Door 'DoorsTwin1' is missing geometry components for selection 'DoorsTwin1', check model+config
18:30:52.92     ENTITY    (W): Door 'DoorsTwin2' is missing geometry components for selection 'DoorsTwin2', check model+config
18:30:52.92     ENTITY    (W): Door 'DoorsTwin3' is missing geometry components for selection 'DoorsTwin3', check model+config
18:30:52.92     ENTITY    (W): Door 'DoorsTwin4' is missing geometry components for selection 'DoorsTwin4', check model+config
18:30:52.92     ENTITY    (W): Door 'DoorsTwin5' is missing geometry components for selection 'DoorsTwin5', check model+config
18:30:52.92    ENTITY       : Load entity type 'Land_House_2W04'
18:30:52.92     ENTITY    (W): Door 'DoorsTwin1' is missing geometry components for selection 'DoorsTwin1', check model+config
18:30:52.107   ENTITY       : Load entity type 'Land_Office2'
18:30:52.107    ENTITY    (W): Door 'DoorsTwin1' is missing geometry components for selection 'DoorsTwin1', check model+config
18:30:52.107    ENTITY    (W): Door 'DoorsTwin2' is missing geometry components for selection 'DoorsTwin2', check model+config
18:30:52.107    ENTITY    (W): Door 'DoorsTwin3' is missing geometry components for selection 'DoorsTwin3', check model+config
18:30:52.107    ENTITY    (W): Door 'DoorsTwin4' is missing geometry components for selection 'DoorsTwin4', check model+config
18:30:52.107    ENTITY    (W): Door 'DoorsTwin5' is missing geometry components for selection 'DoorsTwin5', check model+config
18:30:52.139   ENTITY    (W): Unknown object class 'pond' (dz\water\ponds\pond_50x50.p3d)
18:30:52.185   ENTITY       : Load entity type 'Land_House_1W12_Brown'
18:30:52.185    ENTITY    (W): Unknown object class 'thing' (dz\structures\furniture\eletrical_appliances\washing_machine\washing_machine.p3d)
18:30:52.185    ENTITY    (W): Unknown object class 'thing' (dz\structures\furniture\eletrical_appliances\washing_machine\washing_machine.p3d)
18:30:52.185    ENTITY    (W): Unknown object class 'thing' (dz\structures\furniture\eletrical_appliances\washing_machine\washing_machine.p3d)
18:30:52.201   ENTITY       : Load entity type 'Land_House_1W08_Brown'
18:30:52.201    ENTITY    (W): Unknown object class 'thing' (dz\structures\furniture\eletrical_appliances\washing_machine\washing_machine.p3d)
18:30:52.201    ENTITY    (W): Unknown object class 'thing' (dz\structures\furniture\eletrical_appliances\washing_machine\washing_machine.p3d)
18:30:52.201    ENTITY    (W): Unknown object class 'thing' (dz\structures\furniture\eletrical_appliances\washing_machine\washing_machine.p3d)
18:30:52.279   ENTITY       : Load entity type 'Land_Wreck_hb01_aban2_white'
18:30:52.279    ENTITY    (W): Door 'Doors1' is missing geometry components for selection 'Doors1', check model+config
18:30:52.279    ENTITY    (W): Door 'Doors2' is missing geometry components for selection 'Doors2', check model+config
18:30:52.310   ENTITY       : Load entity type 'Land_Office1'
18:30:52.310    ENTITY    (W): Door 'DoorsTwin1' is missing geometry components for selection 'DoorsTwin1', check model+config
18:30:52.310    ENTITY    (W): Door 'DoorsTwin2' is missing geometry components for selection 'DoorsTwin2', check model+config
18:30:52.310    ENTITY    (W): Door 'DoorsTwin3' is missing geometry components for selection 'DoorsTwin3', check model+config
18:30:52.310    ENTITY    (W): Door 'DoorsTwin4' is missing geometry components for selection 'DoorsTwin4', check model+config
18:30:52.310    ENTITY    (W): Door 'DoorsTwin5' is missing geometry components for selection 'DoorsTwin5', check model+config
18:30:52.310    ENTITY    (W): Door 'DoorsTwin6' is missing geometry components for selection 'DoorsTwin6', check model+config
18:30:52.310    ENTITY    (W): Door 'DoorsTwin7' is missing geometry components for selection 'DoorsTwin7', check model+config
18:30:52.357   ENTITY       : Load entity type 'Land_Workshop5'
18:30:52.357    ENTITY    (W): Door 'DoorsTwin1' is missing geometry components for selection 'DoorsTwin1', check model+config
18:30:52.357   ENTITY       : Load entity type 'Land_Factory_Small'
18:30:52.357    ENTITY    (W): Door 'DoorsTwin1' is missing geometry components for selection 'DoorsTwin1', check model+config
18:30:52.357    ENTITY    (W): Door 'DoorsTwin2' is missing geometry components for selection 'DoorsTwin2', check model+config
18:30:52.467   ENTITY       : Load entity type 'Land_Wreck_hb01_aban1_green'
18:30:52.467    ENTITY    (W): Door 'Doors1' is missing geometry components for selection 'Doors1', check model+config
18:30:52.467    ENTITY    (W): Door 'Doors2' is missing geometry components for selection 'Doors2', check model+config
18:30:52.592   ENTITY       : Load entity type 'Land_Mil_Barracks3'
18:30:52.592    ENTITY    (W): Door 'DoorsTwin1' is missing geometry components for selection 'DoorsTwin1', check model+config
18:30:52.607   ENTITY       : Load entity type 'Land_wreck_truck01_aban2_firetruck'
18:30:52.607    ENTITY    (W): Door 'Doors2' is missing geometry components for selection 'Doors2', check model+config
18:30:52.607    ENTITY    (W): Door 'DoorsTwin1' is missing geometry components for selection 'DoorsTwin1', check model+config
18:30:52.607    ENTITY    (W): Door 'Doors5' is missing geometry components for selection 'Doors5', check model+config
18:30:52.607    ENTITY    (W): Door 'Doors6' is missing geometry components for selection 'Doors6', check model+config
18:30:52.607    ENTITY    (W): Door 'Doors7' is missing geometry components for selection 'Doors7', check model+config
18:30:52.607    ENTITY    (W): Door 'Doors8' is missing geometry components for selection 'Doors8', check model+config
18:30:52.607    ENTITY    (W): Door 'Doors9' is missing geometry components for selection 'Doors9', check model+config
18:30:52.607   ENTITY       : Load entity type 'Land_wreck_truck01_aban1_firetruck'
18:30:52.607    ENTITY    (W): Door 'Doors2' is missing geometry components for selection 'Doors2', check model+config
18:30:52.607    ENTITY    (W): Door 'DoorsTwin1' is missing geometry components for selection 'DoorsTwin1', check model+config
18:30:52.607    ENTITY    (W): Door 'Doors5' is missing geometry components for selection 'Doors5', check model+config
18:30:52.607    ENTITY    (W): Door 'Doors6' is missing geometry components for selection 'Doors6', check model+config
18:30:52.607    ENTITY    (W): Door 'Doors7' is missing geometry components for selection 'Doors7', check model+config
18:30:52.607    ENTITY    (W): Door 'Doors8' is missing geometry components for selection 'Doors8', check model+config
18:30:52.607    ENTITY    (W): Door 'Doors9' is missing geometry components for selection 'Doors9', check model+config
18:30:52.623   ENTITY       : Load entity type 'Land_Container_1Moh'
18:30:52.623    ENTITY    (W): Door 'DoorsTwin1' is missing geometry components for selection 'DoorsTwin1', check model+config
18:30:52.623   ENTITY       : Load entity type 'Land_Rail_Warehouse_Small'
18:30:52.623    ENTITY    (W): Door 'DoorsTwin1' is missing geometry components for selection 'DoorsTwin1', check model+config
18:30:52.623    ENTITY    (W): Door 'DoorsTwin2' is missing geometry components for selection 'DoorsTwin2', check model+config
18:30:52.623   ENTITY       : Load entity type 'Land_Container_1Aoh'
18:30:52.623    ENTITY    (W): Door 'DoorsTwin1' is missing geometry components for selection 'DoorsTwin1', check model+config
18:30:52.654   ENTITY       : Load entity type 'Land_Village_HealthCare'
18:30:52.654    ENTITY    (W): Door 'DoorsTwin1' is missing geometry components for selection 'DoorsTwin1', check model+config
18:30:52.654    ENTITY    (W): Door 'DoorsTwin2' is missing geometry components for selection 'DoorsTwin2', check model+config
18:30:52.826   ENTITY    (W): Unknown object class 'pond' (dz\water\ponds\pond_big_38_01.p3d)
18:30:52.826   ENTITY    (W): Unknown object class 'pond' (dz\water\ponds\pond_big_38_02.p3d)
18:30:52.998   ENTITY       : Load entity type 'Land_Farm_CowshedC'
18:30:52.998    ENTITY    (W): Door 'DoorsTwin1' is missing geometry components for selection 'DoorsTwin1', check model+config
18:30:52.998   ENTITY       : Load entity type 'Land_Farm_CowshedA'
18:30:52.998    ENTITY    (W): Door 'DoorsTwin1' is missing geometry components for selection 'DoorsTwin1', check model+config
18:30:52.998    ENTITY    (W): Door 'DoorsTwin2' is missing geometry components for selection 'DoorsTwin2', check model+config
18:30:53.45    ENTITY       : Load entity type 'Land_CementWorks_Hall2_Brick'
18:30:53.45     ENTITY    (W): Door 'DoorsTwin1' is missing geometry components for selection 'DoorsTwin1', check model+config
18:30:53.76    ENTITY       : Load entity type 'Land_Wreck_offroad02_aban2'
18:30:53.76     ENTITY    (W): Door 'Doors3' is missing geometry components for selection 'Doors3', check model+config
18:30:53.123   ENTITY       : Load entity type 'Land_Mil_Airfield_HQ'
18:30:53.123    ENTITY    (W): Door 'DoorsTwin1' is missing geometry components for selection 'DoorsTwin1', check model+config
18:30:53.154   ENTITY       : Load entity type 'Land_Mil_Barracks1'
18:30:53.154    ENTITY    (W): Door 'DoorsTwin1' is missing geometry components for selection 'DoorsTwin1', check model+config
18:30:53.185   ENTITY    (W): Unknown object class 'pond' (dz\water\ponds\pond_small_06.p3d)
18:30:53.201   WORLD        : Create entity type 'Land_radio_panelbig'
18:30:53.201    ENTITY    (E): Type 'HouseType' must be inherited from class 'StaticTransmitterType'
18:30:53.201   ENTITY       : Load entity type 'Land_Radio_building'
18:30:53.201    ENTITY    (W): Door 'DoorsTwin1' is missing geometry components for selection 'DoorsTwin1', check model+config
18:30:53.326   ENTITY    (W): Unknown object class 'pond' (dz\water\ponds\pond_50x50.p3d)
18:30:53.482   ENTITY    (W): Unknown object class 'pond' (dz\water\ponds\pond_50x50.p3d)
18:30:53.498   ENTITY    (W): Unknown object class 'pond' (dz\water\ponds\pond_50x50.p3d)
18:30:53.529   ENTITY       : Load entity type 'Land_Garage_Big'
18:30:53.529    ENTITY    (W): Door 'DoorsTwin1' is missing geometry components for selection 'DoorsTwin1', check model+config
18:30:53.560   ENTITY       : Load entity type 'Land_Tisy_HQ'
18:30:53.560    ENTITY    (W): Door 'DoorsTwin1' is missing geometry components for selection 'DoorsTwin1', check model+config
18:30:53.843   ENTITY    (W): Unknown object class 'pond' (dz\water\ponds\pond_small_20.p3d)
18:30:53.909   ENTITY    (W): Unknown object class 'pond' (dz\water\ponds\pond_small_02.p3d)
18:30:54.42    ENTITY       : Load entity type 'Land_HouseBlock_5F'
18:30:54.42     ENTITY    (W): Door 'DoorsTwin1' is missing geometry components for selection 'DoorsTwin1', check model+config
18:30:54.42    ENTITY       : Load entity type 'Land_Office_Municipal2'
18:30:54.42     ENTITY    (W): Door 'DoorsTwin1' is missing geometry components for selection 'DoorsTwin1', check model+config
18:31:00.87  [CE][Hive] :: Initializing OFFLINE
18:31:00.87  [StorageDirs] :: Selected storage directory: C:\SERVICES\ni4906221_1_local\dayzxb\mpmissions\dayzOffline.chernarusplus\storage_19958455\
18:31:00.87  [CE][Hive] :: Loading core data ... 
18:31:00.87  [CE][CoreData] :: 8 root classes, 18 defaults, 0 updaters...
18:31:00.87  [CE][offlineDB] :: Conversion of characters started.
18:31:00.87  [CE][offlineDB] :: Processing 0 players.
18:31:00.87  [CE][offlineDB] :: Conversion of characters successfully completed.
18:31:00.109  ENTITY       : Load entity type 'Land_Boathouse'
18:31:00.109   ENTITY    (W): Door 'DoorsTwin1' is missing geometry components for selection 'DoorsTwin1', check model+config
18:31:00.143  ENTITY    (W): Unknown object class 'pond' (dz\water\ponds\moss\pond_50x50_moss.p3d)
18:31:00.143  ENTITY    (W): Unknown object class 'pond' (dz\water\ponds\moss\pond_50x50_moss.p3d)
18:31:00.190  ENTITY    (W): Unknown object class 'pond' (dz\water\ponds\moss\pond_small_06_moss.p3d)
18:31:00.508  ENTITY    (W): Unknown object class 'pond' (dz\water\ponds\moss\pond_50x50_moss.p3d)
18:31:00.508  ENTITY    (W): Unknown object class 'pond' (dz\water\ponds\moss\pond_big_37_04_moss.p3d)
18:31:00.508  ENTITY    (W): Unknown object class 'pond' (dz\water\ponds\moss\pond_50x50_moss.p3d)
18:31:00.508  ENTITY    (W): Unknown object class 'pond' (dz\water\ponds\moss\pond_50x50_moss.p3d)
18:31:00.518  ENTITY    (W): Unknown object class 'pond' (dz\water\ponds\moss\pond_50x50_moss.p3d)
18:31:00.611  ENTITY    (W): Unknown object class 'pond' (dz\water\ponds\pond_big_39_01.p3d)
18:31:00.611  ENTITY    (W): Unknown object class 'pond' (dz\water\ponds\pond_big_39_03.p3d)
18:31:00.611  ENTITY    (W): Unknown object class 'pond' (dz\water\ponds\pond_big_39_02.p3d)
18:31:00.611  ENTITY    (W): Unknown object class 'pond' (dz\water\ponds\pond_big_39_04.p3d)
18:31:00.768  ENTITY    (W): Unknown object class 'pond' (dz\water\ponds\moss\pond_big_30_04_moss.p3d)
18:31:00.768  ENTITY    (W): Unknown object class 'pond' (dz\water\ponds\moss\pond_big_30_01_moss.p3d)
18:31:00.768  ENTITY    (W): Unknown object class 'pond' (dz\water\ponds\moss\pond_big_30_02_moss.p3d)
18:31:00.771  ENTITY    (W): Unknown object class 'pond' (dz\water\ponds\moss\pond_big_38_04_moss.p3d)
18:31:00.771  ENTITY    (W): Unknown object class 'pond' (dz\water\ponds\moss\pond_big_32_02_moss.p3d)
18:31:00.771  ENTITY    (W): Unknown object class 'pond' (dz\water\ponds\moss\pond_big_38_02_moss.p3d)
18:31:00.771  ENTITY    (W): Unknown object class 'pond' (dz\water\ponds\moss\pond_big_32_03_moss.p3d)
18:31:00.774  ENTITY    (W): Unknown object class 'pond' (dz\water\ponds\moss\pond_big_32_01_moss.p3d)
18:31:00.774  ENTITY    (W): Unknown object class 'pond' (dz\water\ponds\moss\pond_big_40_04_moss.p3d)
18:31:00.774  ENTITY    (W): Unknown object class 'pond' (dz\water\ponds\moss\pond_big_40_01_moss.p3d)
18:31:00.774  ENTITY    (W): Unknown object class 'pond' (dz\water\ponds\moss\pond_big_40_03_moss.p3d)
18:31:00.774  ENTITY    (W): Unknown object class 'pond' (dz\water\ponds\moss\pond_big_40_02_moss.p3d)
18:31:00.774  ENTITY    (W): Unknown object class 'pond' (dz\water\ponds\moss\pond_big_30_03_moss.p3d)
18:31:01.278  ENTITY    (W): Unknown object class 'pond' (dz\water\ponds\pond_small_27.p3d)
18:31:01.279  ENTITY    (W): Unknown object class 'pond' (dz\water\ponds\pond_small_19.p3d)
18:31:01.280  ENTITY    (W): Unknown object class 'pond' (dz\water\ponds\pond_small_25.p3d)
18:31:01.347 [CE][Hive] :: Loading map data ... 
18:31:01.347 [CE][IgnoreList] "cfgignorelist.xml" :: loaded 19 types
18:31:03.893 [CE][TypeSetup] :: 583 classes setuped...
18:31:04.277 [CE][RegisterBind] :: 0 classes binded...
18:31:04.277 [CE][RegisterConfig] :: 5586 config classes registered, 0 sub-counters...
18:31:04.277 [CE][Hive] :: Loading map data ... 
18:31:04.314 [CE][LoadPrototype] :: loaded 436 prototypes
18:31:04.314   831 containers, 11074 points
18:31:04.314   75 dispatches, 254 proxies
18:31:04.314 !!! [CE][LoadPrototype] 5 groups have no points...
18:31:04.314 !!! [CE][LoadPrototype] 10 Errors during XML parse...
18:31:04.314 [CE][LoadPrototype] :: last group name: Land_Wreck_offroad02_Medic_TK_DE...
18:31:04.321 [CE][LoadPrototype] :: loaded 0 prototypes
18:31:04.321   55 containers, 232 points
18:31:04.321   0 dispatches, 0 proxies
18:31:04.321 [CE][LoadPrototype] :: last group name: Rail9...
18:31:05.89  [CE][LoadMap] "Group" :: loaded 11679 groups, groups failed: 0, largest group range: 34.2
18:31:05.96  [CE][LoadMap] "Dirt" :: loaded 0 groups, groups failed: 0, largest group range: 34.2
18:31:05.377 [CE][Links] found 1946 total links between groups, of 11679
18:31:05.377 [CE][LoadClusters] "Cluster" :: Loading files...
18:31:05.506 [CE][LoadClusters] :: file: "mapgroupcluster.xml", 9 types, 50000 instances
18:31:05.641 [CE][LoadClusters] :: file: "mapgroupcluster01", 9 types, 50000 instances
18:31:05.780 [CE][LoadClusters] :: file: "mapgroupcluster02", 9 types, 50000 instances
18:31:05.928 [CE][LoadClusters] :: file: "mapgroupcluster03", 9 types, 50000 instances
18:31:05.977 [CE][LoadClusters] :: file: "mapgroupcluster04", 9 types, 17373 instances
18:31:05.987 [CE][Storage] ver:0 stamp:0, valid:NO, name:"C:\SERVICES\ni4906221_1_local\dayzxb\mpmissions\dayzOffline.chernarusplus\storage_19958455\data\types.bin"
18:31:05.987 [CE][Storage] ver:0 stamp:0, valid:NO, name:"C:\SERVICES\ni4906221_1_local\dayzxb\mpmissions\dayzOffline.chernarusplus\storage_19958455\data\types.001"
18:31:05.987 [CE][Storage] ver:0 stamp:0, valid:NO, name:"C:\SERVICES\ni4906221_1_local\dayzxb\mpmissions\dayzOffline.chernarusplus\storage_19958455\data\types.002"
18:31:05.987 !!! [CE][offlineDB] :: No Shutdown message present.
18:31:05.987 [CE][offlineDB] :: Loaded 51 dynamic events 235 total types.
18:31:06.01  !!! [CE][offlineDB] :: Type 'ChristmasTree' will be ignored. (Not spawnable. (Scope is not public?))
18:31:06.01  !!! [CE][offlineDB] :: Type 'Static_FrozenScientist_DE' will be ignored. (Type does not exist. (Typo?))
18:31:06.34  !!! [CE][DE][SPAWNS] :: [WARNING] :: Skipping entry for non-existing event 'VehicleTransitBus'.
18:31:06.34  [CE][DE][SPAWNS] :: Total positions: 1038
18:31:06.34  [CE][DE][GROUPS] :: Total eventgroups defined: 83, Eventgroups in use: 83
18:31:06.34  [CE][Storage] ver:0 stamp:0, valid:NO, name:"C:\SERVICES\ni4906221_1_local\dayzxb\mpmissions\dayzOffline.chernarusplus\storage_19958455\data\events.bin"
18:31:06.34  [CE][Storage] ver:0 stamp:0, valid:NO, name:"C:\SERVICES\ni4906221_1_local\dayzxb\mpmissions\dayzOffline.chernarusplus\storage_19958455\data\events.001"
18:31:06.44  [CE][Storage] ver:0 stamp:0, valid:NO, name:"C:\SERVICES\ni4906221_1_local\dayzxb\mpmissions\dayzOffline.chernarusplus\storage_19958455\data\events.002"
18:31:06.44  [CE][Storage] ver:0 stamp:0, valid:NO, name:"C:\SERVICES\ni4906221_1_local\dayzxb\mpmissions\dayzOffline.chernarusplus\storage_19958455\data\dynamic_000.bin"
18:31:06.44  [CE][Storage] ver:0 stamp:0, valid:NO, name:"C:\SERVICES\ni4906221_1_local\dayzxb\mpmissions\dayzOffline.chernarusplus\storage_19958455\data\dynamic_000.001"
18:31:06.44  [CE][Storage] ver:0 stamp:0, valid:NO, name:"C:\SERVICES\ni4906221_1_local\dayzxb\mpmissions\dayzOffline.chernarusplus\storage_19958455\data\dynamic_000.002"
18:31:06.44  [CE][Storage] ver:0 stamp:0, valid:NO, name:"C:\SERVICES\ni4906221_1_local\dayzxb\mpmissions\dayzOffline.chernarusplus\storage_19958455\data\dynamic_001.bin"
18:31:06.44  [CE][Storage] ver:0 stamp:0, valid:NO, name:"C:\SERVICES\ni4906221_1_local\dayzxb\mpmissions\dayzOffline.chernarusplus\storage_19958455\data\dynamic_001.001"
18:31:06.44  [CE][Storage] ver:0 stamp:0, valid:NO, name:"C:\SERVICES\ni4906221_1_local\dayzxb\mpmissions\dayzOffline.chernarusplus\storage_19958455\data\dynamic_001.002"
18:31:06.44  [CE][Storage] ver:0 stamp:0, valid:NO, name:"C:\SERVICES\ni4906221_1_local\dayzxb\mpmissions\dayzOffline.chernarusplus\storage_19958455\data\dynamic_002.bin"
18:31:06.44  [CE][Storage] ver:0 stamp:0, valid:NO, name:"C:\SERVICES\ni4906221_1_local\dayzxb\mpmissions\dayzOffline.chernarusplus\storage_19958455\data\dynamic_002.001"
18:31:06.44  [CE][Storage] ver:0 stamp:0, valid:NO, name:"C:\SERVICES\ni4906221_1_local\dayzxb\mpmissions\dayzOffline.chernarusplus\storage_19958455\data\dynamic_002.002"
18:31:06.44  [CE][Storage] ver:0 stamp:0, valid:NO, name:"C:\SERVICES\ni4906221_1_local\dayzxb\mpmissions\dayzOffline.chernarusplus\storage_19958455\data\dynamic_003.bin"
18:31:06.44  [CE][Storage] ver:0 stamp:0, valid:NO, name:"C:\SERVICES\ni4906221_1_local\dayzxb\mpmissions\dayzOffline.chernarusplus\storage_19958455\data\dynamic_003.001"
18:31:06.44  [CE][Storage] ver:0 stamp:0, valid:NO, name:"C:\SERVICES\ni4906221_1_local\dayzxb\mpmissions\dayzOffline.chernarusplus\storage_19958455\data\dynamic_003.002"
18:31:06.44  [CE][Storage] ver:0 stamp:0, valid:NO, name:"C:\SERVICES\ni4906221_1_local\dayzxb\mpmissions\dayzOffline.chernarusplus\storage_19958455\data\dynamic_004.bin"
18:31:06.44  [CE][Storage] ver:0 stamp:0, valid:NO, name:"C:\SERVICES\ni4906221_1_local\dayzxb\mpmissions\dayzOffline.chernarusplus\storage_19958455\data\dynamic_004.001"
18:31:06.44  [CE][Storage] ver:0 stamp:0, valid:NO, name:"C:\SERVICES\ni4906221_1_local\dayzxb\mpmissions\dayzOffline.chernarusplus\storage_19958455\data\dynamic_004.002"
18:31:06.44  [CE][Storage] ver:0 stamp:0, valid:NO, name:"C:\SERVICES\ni4906221_1_local\dayzxb\mpmissions\dayzOffline.chernarusplus\storage_19958455\data\dynamic_005.bin"
18:31:06.46  [CE][Storage] ver:0 stamp:0, valid:NO, name:"C:\SERVICES\ni4906221_1_local\dayzxb\mpmissions\dayzOffline.chernarusplus\storage_19958455\data\dynamic_005.001"
18:31:06.46  [CE][Storage] ver:0 stamp:0, valid:NO, name:"C:\SERVICES\ni4906221_1_local\dayzxb\mpmissions\dayzOffline.chernarusplus\storage_19958455\data\dynamic_005.002"
18:31:06.46  [CE][Storage] ver:0 stamp:0, valid:NO, name:"C:\SERVICES\ni4906221_1_local\dayzxb\mpmissions\dayzOffline.chernarusplus\storage_19958455\data\dynamic_006.bin"
18:31:06.46  [CE][Storage] ver:0 stamp:0, valid:NO, name:"C:\SERVICES\ni4906221_1_local\dayzxb\mpmissions\dayzOffline.chernarusplus\storage_19958455\data\dynamic_006.001"
18:31:06.46  [CE][Storage] ver:0 stamp:0, valid:NO, name:"C:\SERVICES\ni4906221_1_local\dayzxb\mpmissions\dayzOffline.chernarusplus\storage_19958455\data\dynamic_006.002"
18:31:06.46  [CE][Storage] ver:0 stamp:0, valid:NO, name:"C:\SERVICES\ni4906221_1_local\dayzxb\mpmissions\dayzOffline.chernarusplus\storage_19958455\data\dynamic_007.bin"
18:31:06.46  [CE][Storage] ver:0 stamp:0, valid:NO, name:"C:\SERVICES\ni4906221_1_local\dayzxb\mpmissions\dayzOffline.chernarusplus\storage_19958455\data\dynamic_007.001"
18:31:06.46  [CE][Storage] ver:0 stamp:0, valid:NO, name:"C:\SERVICES\ni4906221_1_local\dayzxb\mpmissions\dayzOffline.chernarusplus\storage_19958455\data\dynamic_007.002"
18:31:06.46  [CE][Storage] ver:0 stamp:0, valid:NO, name:"C:\SERVICES\ni4906221_1_local\dayzxb\mpmissions\dayzOffline.chernarusplus\storage_19958455\data\dynamic_008.bin"
18:31:06.46  [CE][Storage] ver:0 stamp:0, valid:NO, name:"C:\SERVICES\ni4906221_1_local\dayzxb\mpmissions\dayzOffline.chernarusplus\storage_19958455\data\dynamic_008.001"
18:31:06.47  [CE][Storage] ver:0 stamp:0, valid:NO, name:"C:\SERVICES\ni4906221_1_local\dayzxb\mpmissions\dayzOffline.chernarusplus\storage_19958455\data\dynamic_008.002"
18:31:06.47  [CE][Storage] ver:0 stamp:0, valid:NO, name:"C:\SERVICES\ni4906221_1_local\dayzxb\mpmissions\dayzOffline.chernarusplus\storage_19958455\data\dynamic_009.bin"
18:31:06.47  [CE][Storage] ver:0 stamp:0, valid:NO, name:"C:\SERVICES\ni4906221_1_local\dayzxb\mpmissions\dayzOffline.chernarusplus\storage_19958455\data\dynamic_009.001"
18:31:06.47  [CE][Storage] ver:0 stamp:0, valid:NO, name:"C:\SERVICES\ni4906221_1_local\dayzxb\mpmissions\dayzOffline.chernarusplus\storage_19958455\data\dynamic_009.002"
18:31:06.47  [CE][Storage] ver:0 stamp:0, valid:NO, name:"C:\SERVICES\ni4906221_1_local\dayzxb\mpmissions\dayzOffline.chernarusplus\storage_19958455\data\dynamic_010.bin"
18:31:06.47  [CE][Storage] ver:0 stamp:0, valid:NO, name:"C:\SERVICES\ni4906221_1_local\dayzxb\mpmissions\dayzOffline.chernarusplus\storage_19958455\data\dynamic_010.001"
18:31:06.47  [CE][Storage] ver:0 stamp:0, valid:NO, name:"C:\SERVICES\ni4906221_1_local\dayzxb\mpmissions\dayzOffline.chernarusplus\storage_19958455\data\dynamic_010.002"
18:31:06.47  [CE][Storage] ver:0 stamp:0, valid:NO, name:"C:\SERVICES\ni4906221_1_local\dayzxb\mpmissions\dayzOffline.chernarusplus\storage_19958455\data\dynamic_011.bin"
18:31:06.47  [CE][Storage] ver:0 stamp:0, valid:NO, name:"C:\SERVICES\ni4906221_1_local\dayzxb\mpmissions\dayzOffline.chernarusplus\storage_19958455\data\dynamic_011.001"
18:31:06.47  [CE][Storage] ver:0 stamp:0, valid:NO, name:"C:\SERVICES\ni4906221_1_local\dayzxb\mpmissions\dayzOffline.chernarusplus\storage_19958455\data\dynamic_011.002"
18:31:06.47  [CE][Storage] ver:0 stamp:0, valid:NO, name:"C:\SERVICES\ni4906221_1_local\dayzxb\mpmissions\dayzOffline.chernarusplus\storage_19958455\data\building.bin"
18:31:06.47  [CE][Storage] ver:0 stamp:0, valid:NO, name:"C:\SERVICES\ni4906221_1_local\dayzxb\mpmissions\dayzOffline.chernarusplus\storage_19958455\data\building.001"
18:31:06.47  [CE][Storage] ver:0 stamp:0, valid:NO, name:"C:\SERVICES\ni4906221_1_local\dayzxb\mpmissions\dayzOffline.chernarusplus\storage_19958455\data\building.002"
18:31:06.47  [CE][Storage] ver:0 stamp:0, valid:NO, name:"C:\SERVICES\ni4906221_1_local\dayzxb\mpmissions\dayzOffline.chernarusplus\storage_19958455\data\vehicles.bin"
18:31:06.47  [CE][Storage] ver:0 stamp:0, valid:NO, name:"C:\SERVICES\ni4906221_1_local\dayzxb\mpmissions\dayzOffline.chernarusplus\storage_19958455\data\vehicles.001"
18:31:06.47  [CE][Storage] ver:0 stamp:0, valid:NO, name:"C:\SERVICES\ni4906221_1_local\dayzxb\mpmissions\dayzOffline.chernarusplus\storage_19958455\data\vehicles.002"
18:31:06.47  [CE][Hive] :: Empty storage folder, reinitializing ... 
18:31:06.49  [CE][Hive] :: Initializing ... 
18:31:06.58  [CE][InitializeMap] :: initialized: 0
18:31:06.58  [CE][Hive] :: Initializing spawners ... 
18:31:06.59   WORLD        : Create entity type 'Animal_UrsusArctos'
18:31:06.59    ENTITY    (E): Type 'ManType' must be inherited from class 'DayZAnimalType'
18:31:06.68   WORLD        : Create entity type 'Animal_BosTaurusF_Spotted'
18:31:06.68    ENTITY    (E): Type 'ManType' must be inherited from class 'DayZAnimalType'
18:31:06.72   WORLD        : Create entity type 'Animal_BosTaurusF_White'
18:31:06.72    ENTITY    (E): Type 'ManType' must be inherited from class 'DayZAnimalType'
18:31:06.73   WORLD        : Create entity type 'Animal_BosTaurus_Brown'
18:31:06.73    ENTITY    (E): Type 'ManType' must be inherited from class 'DayZAnimalType'
18:31:06.74   WORLD        : Create entity type 'Animal_BosTaurus_Spotted'
18:31:06.74    ENTITY    (E): Type 'ManType' must be inherited from class 'DayZAnimalType'
18:31:06.75   WORLD        : Create entity type 'Animal_BosTaurus_White'
18:31:06.75    ENTITY    (E): Type 'ManType' must be inherited from class 'DayZAnimalType'
18:31:06.75   WORLD        : Create entity type 'Animal_CervusElaphus'
18:31:06.75    ENTITY    (E): Type 'ManType' must be inherited from class 'DayZAnimalType'
18:31:06.79   WORLD        : Create entity type 'Animal_CervusElaphusF'
18:31:06.79    ENTITY    (E): Type 'ManType' must be inherited from class 'DayZAnimalType'
18:31:06.82   WORLD        : Create entity type 'Animal_CapraHircusF'
18:31:06.82    ENTITY    (E): Type 'ManType' must be inherited from class 'DayZAnimalType'
18:31:06.82   WORLD        : Create entity type 'Animal_CapraHircus_Brown'
18:31:06.82    ENTITY    (E): Type 'ManType' must be inherited from class 'DayZAnimalType'
18:31:06.85   WORLD        : Create entity type 'Animal_CapraHircus_Black'
18:31:06.85    ENTITY    (E): Type 'ManType' must be inherited from class 'DayZAnimalType'
18:31:06.85   WORLD        : Create entity type 'Animal_CapraHircus_White'
18:31:06.85    ENTITY    (E): Type 'ManType' must be inherited from class 'DayZAnimalType'
18:31:06.85   WORLD        : Create entity type 'Animal_SusDomesticus'
18:31:06.85    ENTITY    (E): Type 'ManType' must be inherited from class 'DayZAnimalType'
18:31:06.85   WORLD        : Create entity type 'Animal_CapreolusCapreolus'
18:31:06.85    ENTITY    (E): Type 'ManType' must be inherited from class 'DayZAnimalType'
18:31:06.94   WORLD        : Create entity type 'Animal_CapreolusCapreolusF'
18:31:06.94    ENTITY    (E): Type 'ManType' must be inherited from class 'DayZAnimalType'
18:31:06.94   WORLD        : Create entity type 'Animal_OvisAries'
18:31:06.94    ENTITY    (E): Type 'ManType' must be inherited from class 'DayZAnimalType'
18:31:06.94   WORLD        : Create entity type 'Animal_OvisAriesF'
18:31:06.94    ENTITY    (E): Type 'ManType' must be inherited from class 'DayZAnimalType'
18:31:06.104  WORLD        : Create entity type 'Animal_SusScrofa'
18:31:06.104   ENTITY    (E): Type 'ManType' must be inherited from class 'DayZAnimalType'
18:31:06.104  WORLD        : Create entity type 'Animal_CanisLupus_Grey'
18:31:06.104   ENTITY    (E): Type 'ManType' must be inherited from class 'DayZAnimalType'
18:31:06.104  WORLD        : Create entity type 'Animal_CanisLupus_White'
18:31:06.104   ENTITY    (E): Type 'ManType' must be inherited from class 'DayZAnimalType'
18:31:06.117  WORLD        : Create entity type 'ZmbM_PatrolNormal_Flat'
18:31:06.117   MATERIAL  (E): Object dz/characters/zombies/z_hermit_m.xob - cannot load material Material_1.emat
18:31:06.142  WORLD        : Create entity type 'headtorch_grey'
18:31:06.142   ENTITY    (E): Type 'Inventory_BaseType' must be inherited from class 'ClothingType'
18:31:06.219  ENTITY    (W): Unknown object class 'building' (dz\structures\military\airfield\mil_reinforcedtank2_grass_top.p3d)
18:31:06.219  ENTITY    (W): Unknown object class 'building' (dz\structures\military\airfield\mil_reinforcedtank2_grass_r.p3d)
18:31:06.219  ENTITY    (W): Unknown object class 'building' (dz\structures\military\airfield\mil_reinforcedtank2_grass_l.p3d)
18:31:06.252  ENTITY    (W): Unknown object class 'pond' (dz\water\ponds\moss\pond_small_27_moss.p3d)
18:31:06.472  ENTITY    (W): Unknown object class 'pond' (dz\water\ponds\pond_50x50.p3d)
18:31:06.664  ENTITY    (W): Unknown object class 'pond' (dz\water\ponds\pond_small_14.p3d)
18:31:06.670  ENTITY    (W): Unknown object class 'pond' (dz\water\ponds\pond_50x50.p3d)
18:31:06.670  ENTITY    (W): Unknown object class 'pond' (dz\water\ponds\pond_50x50.p3d)
18:31:06.682 !!! [CE][Point] Removing 4514.630371, 9732.002930 from Land_Wreck_truck01_aban2_orange
18:31:06.682  ENTITY    (W): Unknown object class 'pond' (dz\water\ponds\pond_50x50.p3d)
18:31:06.706  ENTITY    (W): Unknown object class 'pond' (dz\water\ponds\pond_50x50.p3d)
18:31:06.834  ENTITY    (W): Unknown object class 'pond' (dz\water\ponds\moss\pond_big_30_02_moss.p3d)
18:31:06.834  ENTITY    (W): Unknown object class 'pond' (dz\water\ponds\moss\pond_big_29_01_moss.p3d)
18:31:06.834  ENTITY    (W): Unknown object class 'pond' (dz\water\ponds\moss\pond_big_29_03_moss.p3d)
18:31:06.835  ENTITY    (W): Unknown object class 'pond' (dz\water\ponds\moss\pond_small_09_moss.p3d)
18:31:06.835  ENTITY    (W): Unknown object class 'pond' (dz\water\ponds\moss\pond_big_38_03_moss.p3d)
18:31:06.835  ENTITY    (W): Unknown object class 'pond' (dz\water\ponds\moss\pond_big_38_01_moss.p3d)
18:31:06.866  ENTITY    (W): Unknown object class 'pond' (dz\water\ponds\pond_50x50.p3d)
18:31:06.982  ENTITY    (W): Unknown object class 'pond' (dz\water\ponds\pond_small_24.p3d)
18:31:07.89   ENTITY    (W): Unknown object class 'pond' (dz\water\ponds\pond_50x50.p3d)
18:31:07.89   ENTITY    (W): Unknown object class 'pond' (dz\water\ponds\pond_50x50.p3d)
18:31:07.214  ENTITY    (W): Unknown object class 'pond' (dz\water\ponds\pond_small_25.p3d)
18:31:07.361  ENTITY    (W): Unknown object class 'pond' (dz\water\ponds\pond_50x50.p3d)
18:31:07.380  ENTITY    (W): Unknown object class 'pond' (dz\water\ponds\pond_small_05.p3d)
18:31:07.397  ENTITY    (W): Unknown object class 'pond' (dz\water\ponds\pond_50x50.p3d)
18:31:07.397  ENTITY    (W): Unknown object class 'pond' (dz\water\ponds\pond_50x50.p3d)
18:31:07.397  ENTITY    (W): Unknown object class 'pond' (dz\water\ponds\pond_50x50.p3d)
18:31:07.397  ENTITY    (W): Unknown object class 'pond' (dz\water\ponds\lake_50x50.p3d)
18:31:07.397  ENTITY    (W): Unknown object class 'pond' (dz\water\ponds\lake_50x50.p3d)
18:31:07.502  ENTITY       : Load entity type 'Land_Shed_Closed2'
18:31:07.502   ENTITY    (W): Door 'DoorsTwin1' is missing geometry components for selection 'DoorsTwin1', check model+config
18:31:07.502   ENTITY    (W): Door 'DoorsTwin2' is missing geometry components for selection 'DoorsTwin2', check model+config
18:31:07.502  ENTITY    (W): Unknown object class 'building' (dz\structures\military\airfield\mil_blastcover1_grass.p3d)
18:31:07.562  ENTITY    (W): Unknown object class 'pond' (dz\water\ponds\pond_50x50.p3d)
18:31:07.571  ENTITY    (W): Unknown object class 'pond' (dz\water\ponds\moss\pond_big_34_01_moss.p3d)
18:31:07.571  ENTITY    (W): Unknown object class 'pond' (dz\water\ponds\moss\pond_big_34_03_moss.p3d)
18:31:07.571  ENTITY    (W): Unknown object class 'pond' (dz\water\ponds\moss\pond_big_37_02_moss.p3d)
18:31:07.571  ENTITY    (W): Unknown object class 'pond' (dz\water\ponds\moss\pond_big_34_04_moss.p3d)
18:31:07.571  ENTITY    (W): Unknown object class 'pond' (dz\water\ponds\moss\pond_big_34_02_moss.p3d)
18:31:07.927  ENTITY    (W): Unknown object class 'pond' (dz\water\ponds\pond_50x50.p3d)
18:31:07.927  ENTITY    (W): Unknown object class 'pond' (dz\water\ponds\pond_50x50.p3d)
18:31:07.927  ENTITY    (W): Unknown object class 'pond' (dz\water\ponds\pond_50x50.p3d)
18:31:07.928  ENTITY    (W): Unknown object class 'pond' (dz\water\ponds\pond_50x50.p3d)
18:31:07.947  ENTITY    (W): Unknown object class 'pond' (dz\water\ponds\pond_50x50.p3d)
18:31:07.958  ENTITY    (W): Unknown object class 'pond' (dz\water\ponds\moss\pond_small_04_moss.p3d)
18:31:07.958  ENTITY    (W): Unknown object class 'pond' (dz\water\ponds\lake_50x50.p3d)
18:31:07.958  ENTITY    (W): Unknown object class 'pond' (dz\water\ponds\lake_50x50.p3d)
18:31:07.958  ENTITY    (W): Unknown object class 'pond' (dz\water\ponds\lake_50x50.p3d)
18:31:07.958  ENTITY    (W): Unknown object class 'pond' (dz\water\ponds\lake_50x50.p3d)
18:31:07.963  ENTITY    (W): Unknown object class 'pond' (dz\water\ponds\pond_50x50.p3d)
18:31:07.963  ENTITY    (W): Unknown object class 'pond' (dz\water\ponds\pond_50x50.p3d)
18:31:07.963  ENTITY    (W): Unknown object class 'pond' (dz\water\ponds\pond_50x50.p3d)
18:31:07.963  ENTITY    (W): Unknown object class 'pond' (dz\water\ponds\pond_50x50.p3d)
18:31:07.995  WORLD        : Create entity type 'BaseRadio'
18:31:07.995   ENTITY    (E): Type 'Inventory_BaseType' must be inherited from class 'ItemTransmitterType'
18:31:08.44   WORLD        : Create entity type 'personalradio'
18:31:08.44    ENTITY    (E): Type 'Inventory_BaseType' must be inherited from class 'ItemTransmitterType'
18:31:08.276  WORLD        : Create entity type 'Megaphone'
18:31:08.276   ENTITY    (E): Type 'Inventory_BaseType' must be inherited from class 'ItemMegaphoneType'
18:31:08.294  ENTITY    (W): Unknown object class 'pond' (dz\water\ponds\pond_small_10.p3d)
18:31:08.347  ENTITY    (W): Unknown object class 'pond' (dz\water\ponds\pond_small_06.p3d)
18:31:08.412  ENTITY    (W): Unknown object class 'pond' (dz\water\ponds\pond_50x50.p3d)
18:31:08.479  ENTITY    (W): Unknown object class 'pond' (dz\water\ponds\pond_small_24.p3d)
18:31:08.493  ENTITY    (W): Unknown object class 'pond' (dz\water\ponds\pond_50x50.p3d)
18:31:08.721  ENTITY    (W): Unknown object class 'pond' (dz\water\ponds\pond_50x50.p3d)
18:31:08.766  ENTITY    (W): Unknown object class 'pond' (dz\water\ponds\pond_small_15.p3d)
18:31:08.847  ENTITY    (W): Unknown object class 'pond' (dz\water\ponds\moss\pond_big_41_01_moss.p3d)
18:31:08.847  ENTITY    (W): Unknown object class 'pond' (dz\water\ponds\moss\pond_big_41_02_moss.p3d)
18:31:08.848  ENTITY    (W): Unknown object class 'pond' (dz\water\ponds\moss\pond_big_41_04_moss.p3d)
18:31:08.848  ENTITY    (W): Unknown object class 'pond' (dz\water\ponds\moss\pond_big_41_05_moss.p3d)
18:31:08.848  ENTITY    (W): Unknown object class 'pond' (dz\water\ponds\moss\pond_big_36_01_moss.p3d)
18:31:08.848  ENTITY    (W): Unknown object class 'pond' (dz\water\ponds\moss\pond_big_36_02_moss.p3d)
18:31:08.848  ENTITY    (W): Unknown object class 'pond' (dz\water\ponds\moss\pond_big_36_04_moss.p3d)
18:31:08.848  ENTITY    (W): Unknown object class 'pond' (dz\water\ponds\moss\pond_big_36_03_moss.p3d)
18:31:08.849  ENTITY    (W): Unknown object class 'pond' (dz\water\ponds\moss\pond_big_30_04_moss.p3d)
18:31:08.849  ENTITY    (W): Unknown object class 'pond' (dz\water\ponds\moss\pond_big_30_03_moss.p3d)
18:31:08.938  ENTITY    (W): Unknown object class 'pond' (dz\water\ponds\pond_big_40_03.p3d)
18:31:09.51   ENTITY    (W): Unknown object class 'pond' (dz\water\ponds\pond_50x50.p3d)
18:31:09.52   ENTITY    (W): Unknown object class 'pond' (dz\water\ponds\pond_50x50.p3d)
18:31:09.68  [CE][LootRespawner] (PRIDummy) :: Item [0] is hard to place, performance drops: "BomberJacket_Olive"
18:31:09.165  ENTITY    (W): Unknown object class 'pond' (dz\water\ponds\pond_big_42_07.p3d)
18:31:09.165  ENTITY    (W): Unknown object class 'pond' (dz\water\ponds\pond_big_42_08.p3d)
18:31:09.165  ENTITY    (W): Unknown object class 'pond' (dz\water\ponds\pond_big_42_05.p3d)
18:31:09.239 [CE][LootRespawner] (PRIDummy) :: Item [1] is hard to place, performance drops: "Saiga"
18:31:09.305  ENTITY    (W): Unknown object class 'pond' (dz\water\ponds\pond_50x50.p3d)
18:31:09.305  ENTITY    (W): Unknown object class 'pond' (dz\water\ponds\pond_50x50.p3d)
18:31:09.430  ENTITY    (W): Unknown object class 'pond' (dz\water\ponds\pond_50x50.p3d)
18:31:09.430  ENTITY    (W): Unknown object class 'pond' (dz\water\ponds\moss\pond_50x50_moss.p3d)
18:31:09.539  ENTITY    (W): Unknown object class 'pond' (dz\water\ponds\pond_big_42_10.p3d)
18:31:09.539  ENTITY    (W): Unknown object class 'pond' (dz\water\ponds\pond_big_42_11.p3d)
18:31:09.539  ENTITY    (W): Unknown object class 'pond' (dz\water\ponds\pond_big_42_12.p3d)
18:31:09.539  ENTITY    (W): Unknown object class 'pond' (dz\water\ponds\pond_big_42_06.p3d)
18:31:09.539  ENTITY    (W): Unknown object class 'pond' (dz\water\ponds\pond_big_42_03.p3d)
18:31:09.539  ENTITY    (W): Unknown object class 'pond' (dz\water\ponds\pond_big_42_04.p3d)
18:31:09.586  ENTITY    (W): Unknown object class 'pond' (dz\water\ponds\pond_50x50.p3d)
18:31:09.602  ENTITY    (W): Unknown object class 'pond' (dz\water\ponds\moss\pond_small_01_moss.p3d)
18:31:09.602  ENTITY    (W): Unknown object class 'pond' (dz\water\ponds\moss\pond_big_28_04_moss.p3d)
18:31:09.633 [CE][LootRespawner] (PRIDummy) :: Item [2] is hard to place, performance drops: "USMCPants_Woodland"
18:31:09.820 [CE][LootRespawner] (PRIDummy) :: Item [3] is hard to place, performance drops: "BDUPants"
18:31:09.836 [CE][LootRespawner] (PRIDummy) :: Item [4] is hard to place, performance drops: "HighCapacityVest_Black"
18:31:09.945 [CE][LootRespawner] (PRIDummy) :: Item [5] is hard to place, performance drops: "TacticalShirt_Olive"
18:31:09.961 [CE][LootRespawner] (PRIDummy) :: Item [0] causing search overtime: "Mp133Shotgun"
18:31:09.992 [CE][LootRespawner] (PRIDummy) :: Item [6] is hard to place, performance drops: "MilitaryCap_Woodland"
18:31:09.992 [CE][LootRespawner] (PRIDummy) :: Item [7] is hard to place, performance drops: "MilitaryCap_Woodland"
18:31:10.129 [CE][LootRespawner] (PRIDummy) :: Item [8] is hard to place, performance drops: "Vikhr"
18:31:10.160 [CE][LootRespawner] (PRIDummy) :: Item [9] is hard to place, performance drops: "JungleBoots_Green"
18:31:10.160 [CE][LootRespawner] (PRIDummy) :: Item [10] is hard to place, performance drops: "JungleBoots_Green"
18:31:10.160  ENTITY    (W): Unknown object class 'pond' (dz\water\ponds\pond_50x50.p3d)
18:31:10.176  ENTITY    (W): Unknown object class 'pond' (dz\water\ponds\moss\pond_small_19_moss.p3d)
18:31:10.176  ENTITY    (W): Unknown object class 'pond' (dz\water\ponds\moss\pond_small_02_moss.p3d)
18:31:10.176  ENTITY    (W): Unknown object class 'pond' (dz\water\ponds\moss\pond_big_31_02_moss.p3d)
18:31:10.176  ENTITY    (W): Unknown object class 'pond' (dz\water\ponds\moss\pond_big_31_03_moss.p3d)
18:31:10.176  ENTITY    (W): Unknown object class 'pond' (dz\water\ponds\moss\pond_big_31_01_moss.p3d)
18:31:10.176  ENTITY    (W): Unknown object class 'pond' (dz\water\ponds\moss\pond_big_31_04_moss.p3d)
18:31:10.176  ENTITY    (W): Unknown object class 'pond' (dz\water\ponds\moss\pond_big_43_31_moss.p3d)
18:31:10.192  ENTITY    (W): Unknown object class 'pond' (dz\water\ponds\pond_big_ly_10.p3d)
18:31:10.192  ENTITY    (W): Unknown object class 'pond' (dz\water\ponds\pond_big_ly_9.p3d)
18:31:10.270  ENTITY    (W): Unknown object class 'pond' (dz\water\ponds\pond_50x50.p3d)
18:31:10.364 [CE][LootRespawner] (PRIDummy) :: Item [11] is hard to place, performance drops: "MilitaryBoots_Beige"
18:31:10.364 [CE][LootRespawner] (PRIDummy) :: Item [12] is hard to place, performance drops: "MilitaryBoots_Beige"
18:31:10.473 [CE][LootRespawner] (PRIDummy) :: Item [13] is hard to place, performance drops: "SmershVest"
18:31:10.473 [CE][LootRespawner] (PRIDummy) :: Item [14] is hard to place, performance drops: "SmershVest"
18:31:10.473 [CE][LootRespawner] (PRIDummy) :: Item [15] is hard to place, performance drops: "SmershVest"
18:31:10.473 [CE][LootRespawner] (PRIDummy) :: Item [16] is hard to place, performance drops: "SmershVest"
18:31:10.473 [CE][LootRespawner] (PRIDummy) :: Item [17] is hard to place, performance drops: "SmershVest"
18:31:10.582  ENTITY    (W): Unknown object class 'pond' (dz\water\ponds\pond_50x50.p3d)
18:31:10.645 [CE][LootRespawner] (PRIDummy) :: Item [18] is hard to place, performance drops: "B95"
18:31:10.676 !!! [CE][Point] Removing 11072.730469, 2693.431641 from Land_Boat_Small3
18:31:10.676  ENTITY    (W): Unknown object class 'pond' (dz\water\ponds\moss\pond_big_37_03_moss.p3d)
18:31:10.676  ENTITY    (W): Unknown object class 'pond' (dz\water\ponds\moss\pond_big_37_04_moss.p3d)
18:31:10.676  ENTITY    (W): Unknown object class 'pond' (dz\water\ponds\moss\pond_big_37_02_moss.p3d)
18:31:10.692  ENTITY    (W): Unknown object class 'pond' (dz\water\ponds\moss\pond_small_27_moss.p3d)
18:31:10.723  ENTITY    (W): Unknown object class 'pond' (dz\water\ponds\pond_50x50.p3d)
18:31:10.723  ENTITY    (W): Unknown object class 'pond' (dz\water\ponds\lake_50x50.p3d)
18:31:10.723  ENTITY    (W): Unknown object class 'pond' (dz\water\ponds\lake_50x50.p3d)
18:31:10.723  ENTITY    (W): Unknown object class 'pond' (dz\water\ponds\lake_50x50.p3d)
18:31:10.723  ENTITY    (W): Unknown object class 'pond' (dz\water\ponds\lake_50x50.p3d)
18:31:10.723 [CE][LootRespawner] (PRIDummy) :: Item [19] is hard to place, performance drops: "TTSKOPants"
18:31:10.723 [CE][LootRespawner] (PRIDummy) :: Item [20] is hard to place, performance drops: "TTSKOPants"
18:31:10.723 [CE][LootRespawner] (PRIDummy) :: Item [21] is hard to place, performance drops: "TTSKOPants"
18:31:10.723 [CE][LootRespawner] (PRIDummy) :: Item [22] is hard to place, performance drops: "TTSKOPants"
18:31:10.739 [CE][LootRespawner] (PRIDummy) :: Item [23] is hard to place, performance drops: "TTSKOPants"
18:31:10.739 [CE][LootRespawner] (PRIDummy) :: Item [24] is hard to place, performance drops: "TTSKOPants"
18:31:10.739 [CE][LootRespawner] (PRIDummy) :: Item [25] is hard to place, performance drops: "TTSKOPants"
18:31:10.754 [CE][LootRespawner] (PRIDummy) :: Item [26] is hard to place, performance drops: "PlateCarrierPouches"
18:31:10.754 [CE][LootRespawner] (PRIDummy) :: Item [1] causing search overtime: "PrisonerCap"
18:31:10.770  ENTITY    (W): Unknown object class 'pond' (dz\water\ponds\moss\pond_big_28_02_moss.p3d)
18:31:10.832  ENTITY    (W): Unknown object class 'pond' (dz\water\ponds\lake_50x50.p3d)
18:31:10.832  ENTITY    (W): Unknown object class 'pond' (dz\water\ponds\lake_50x50.p3d)
18:31:10.832  ENTITY    (W): Unknown object class 'pond' (dz\water\ponds\lake_50x50.p3d)
18:31:10.832  ENTITY    (W): Unknown object class 'pond' (dz\water\ponds\pond_50x50.p3d)
18:31:10.832  ENTITY    (W): Unknown object class 'pond' (dz\water\ponds\pond_50x50.p3d)
18:31:10.832  ENTITY    (W): Unknown object class 'pond' (dz\water\ponds\pond_50x50.p3d)
18:31:10.832  ENTITY    (W): Unknown object class 'pond' (dz\water\ponds\pond_50x50.p3d)
18:31:11.67  [CE][LootRespawner] (PRIDummy) :: Item [27] is hard to place, performance drops: "Compass"
18:31:11.82  [CE][LootRespawner] (PRIDummy) :: Item [2] causing search overtime: "Mag_Glock_15Rnd"
18:31:11.145 [CE][LootRespawner] (PRIDummy) :: Item [28] is hard to place, performance drops: "ShortJeans_Black"
18:31:11.145 [CE][LootRespawner] (PRIDummy) :: Item [29] is hard to place, performance drops: "ShortJeans_Black"
18:31:11.145 [CE][LootRespawner] (PRIDummy) :: Item [30] is hard to place, performance drops: "ShortJeans_Black"
18:31:11.301 [CE][LootRespawner] (PRIDummy) :: Item [31] is hard to place, performance drops: "BaseballCap_Olive"
18:31:11.317 [CE][LootRespawner] (PRIDummy) :: Item [32] is hard to place, performance drops: "BoonieHat_Red"
18:31:11.317 [CE][LootRespawner] (PRIDummy) :: Item [33] is hard to place, performance drops: "BoonieHat_Red"
18:31:11.317 [CE][LootRespawner] (PRIDummy) :: Item [34] is hard to place, performance drops: "BoonieHat_Red"
18:31:11.348  ENTITY    (W): Unknown object class 'pond' (dz\water\ponds\moss\pond_small_26_moss.p3d)
18:31:11.348  ENTITY    (W): Unknown object class 'pond' (dz\water\ponds\moss\pond_small_18_moss.p3d)
18:31:11.348  ENTITY    (W): Unknown object class 'pond' (dz\water\ponds\moss\pond_big_33_01_moss.p3d)
18:31:11.348  ENTITY    (W): Unknown object class 'pond' (dz\water\ponds\moss\pond_big_33_02_moss.p3d)
18:31:11.348  ENTITY    (W): Unknown object class 'pond' (dz\water\ponds\moss\pond_small_27_moss.p3d)
18:31:11.348  ENTITY    (W): Unknown object class 'pond' (dz\water\ponds\moss\pond_big_33_03_moss.p3d)
18:31:11.348 [CE][LootRespawner] (PRIDummy) :: Item [35] is hard to place, performance drops: "DuffelBagSmall_Medical"
18:31:11.348 [CE][LootRespawner] (PRIDummy) :: Item [36] is hard to place, performance drops: "DuffelBagSmall_Medical"
18:31:11.348 [CE][LootRespawner] (PRIDummy) :: Item [37] is hard to place, performance drops: "DuffelBagSmall_Medical"
18:31:11.410  ENTITY    (W): Unknown object class 'pond' (dz\water\ponds\pond_50x50.p3d)
18:31:11.410  ENTITY    (W): Unknown object class 'pond' (dz\water\ponds\pond_50x50.p3d)
18:31:11.442 [CE][LootRespawner] (PRIDummy) :: Item [38] is hard to place, performance drops: "FieldShovel"
18:31:11.504 [CE][LootRespawner] (PRIDummy) :: Item [3] causing search overtime: "PrisonUniformPants"
18:31:11.739  ENTITY    (W): Unknown object class 'pond' (dz\water\ponds\pond_small_26.p3d)
18:31:11.801 [CE][LootRespawner] (PRIDummy) :: Item [39] is hard to place, performance drops: "UKAssVest_Black"
18:31:11.801 [CE][LootRespawner] (PRIDummy) :: Item [40] is hard to place, performance drops: "UKAssVest_Black"
18:31:11.801 [CE][LootRespawner] (PRIDummy) :: Item [41] is hard to place, performance drops: "UKAssVest_Black"
18:31:11.801 [CE][LootRespawner] (PRIDummy) :: Item [42] is hard to place, performance drops: "UKAssVest_Black"
18:31:11.817 [CE][LootRespawner] (PRIDummy) :: Item [43] is hard to place, performance drops: "M65Jacket_Olive"
18:31:11.848 [CE][LootRespawner] (PRIDummy) :: Item [4] causing search overtime: "Mag_Scout_5Rnd"
18:31:11.848 [CE][LootRespawner] (PRIDummy) :: Item [44] is hard to place, performance drops: "ManSuit_White"
18:31:11.895 [CE][LootRespawner] (PRIDummy) :: Item [5] causing search overtime: "PrisonUniformJacket"
18:31:11.895 [CE][LootRespawner] (PRIDummy) :: Item [6] causing search overtime: "PrisonUniformJacket"
18:31:11.973 [CE][LootRespawner] (PRIDummy) :: Item [45] is hard to place, performance drops: "PetushokHat_Yellow"
18:31:12.82  [CE][LootRespawner] (PRIDummy) :: Item [7] causing search overtime: "Glock19"
18:31:12.114 [CE][LootRespawner] (PRIDummy) :: Item [8] causing search overtime: "Glock19"
18:31:12.145 [CE][LootRespawner] (PRIDummy) :: Item [46] is hard to place, performance drops: "Blouse_White"
18:31:12.160 [CE][LootRespawner] (PRIDummy) :: Item [9] causing search overtime: "Scout"
18:31:12.207 [CE][LootRespawner] (PRIDummy) :: Item [47] is hard to place, performance drops: "ManSuit_Beige"
18:31:12.207 [CE][LootRespawner] (PRIDummy) :: Item [48] is hard to place, performance drops: "ManSuit_Beige"
18:31:12.207 [CE][LootRespawner] (PRIDummy) :: Item [49] is hard to place, performance drops: "Sneakers_Black"
18:31:12.207 [CE][LootRespawner] (PRIDummy) :: Item [50] is hard to place, performance drops: "Sneakers_Black"
18:31:12.223 [CE][LootRespawner] (PRIDummy) :: Item [10] causing search overtime: "SSG82"
18:31:12.223 [CE][LootRespawner] (PRIDummy) :: Item [11] causing search overtime: "SSG82"
18:31:12.223 [CE][LootRespawner] (PRIDummy) :: Item [12] causing search overtime: "SSG82"
18:31:12.223 [CE][LootRespawner] (PRIDummy) :: Item [13] causing search overtime: "SSG82"
18:31:12.254 [CE][LootRespawner] (PRIDummy) :: Item [51] is hard to place, performance drops: "BaseballCap_Pink"
18:31:12.270 [CE][LootRespawner] (PRIDummy) :: Item [52] is hard to place, performance drops: "ParamedicJacket_Blue"
18:31:12.270 [CE][LootRespawner] (PRIDummy) :: Item [53] is hard to place, performance drops: "ParamedicJacket_Blue"
18:31:12.270 [CE][LootRespawner] (PRIDummy) :: Item [54] is hard to place, performance drops: "ParamedicJacket_Blue"
18:31:12.332 [CE][LootRespawner] (PRIDummy) :: Item [14] causing search overtime: "Mag_CZ61_20Rnd"
18:31:12.332 [CE][LootRespawner] (PRIDummy) :: Item [15] causing search overtime: "Mag_CZ61_20Rnd"
18:31:12.332 [CE][LootRespawner] (PRIDummy) :: Item [16] causing search overtime: "Mag_CZ61_20Rnd"
18:31:12.332 [CE][LootRespawner] (PRIDummy) :: Item [17] causing search overtime: "Mag_CZ61_20Rnd"
18:31:12.332 [CE][LootRespawner] (PRIDummy) :: Item [18] causing search overtime: "Mag_CZ61_20Rnd"
18:31:12.332 [CE][LootRespawner] (PRIDummy) :: Item [19] causing search overtime: "Mag_CZ61_20Rnd"
18:31:12.332 [CE][LootRespawner] (PRIDummy) :: Item [20] causing search overtime: "Mag_CZ61_20Rnd"
18:31:12.332 [CE][LootRespawner] (PRIDummy) :: Item [21] causing search overtime: "Mag_CZ61_20Rnd"
18:31:12.332 [CE][LootRespawner] (PRIDummy) :: Item [22] causing search overtime: "Mag_CZ61_20Rnd"
18:31:12.332 [CE][LootRespawner] (PRIDummy) :: Item [23] causing search overtime: "Mag_CZ61_20Rnd"
18:31:12.332 [CE][LootRespawner] (PRIDummy) :: Item [24] causing search overtime: "Mag_CZ61_20Rnd"
18:31:12.332 [CE][LootRespawner] (PRIDummy) :: Item [25] causing search overtime: "Mag_CZ61_20Rnd"
18:31:12.332 [CE][LootRespawner] (PRIDummy) :: Item [26] causing search overtime: "Mag_CZ61_20Rnd"
18:31:12.332 [CE][LootRespawner] (PRIDummy) :: Item [27] causing search overtime: "Mag_CZ61_20Rnd"
18:31:12.442 [CE][LootRespawner] (PRIDummy) :: Item [55] is hard to place, performance drops: "PartyTent_Blue"
18:31:12.457 [CE][LootRespawner] (PRIDummy) :: Item [56] is hard to place, performance drops: "PartyTent_Blue"
18:31:12.473 [CE][LootRespawner] (PRIDummy) :: Item [57] is hard to place, performance drops: "WomanSuit_Black"
18:31:12.473 [CE][LootRespawner] (PRIDummy) :: Item [58] is hard to place, performance drops: "WomanSuit_Black"
18:31:12.473 [CE][LootRespawner] (PRIDummy) :: Item [59] is hard to place, performance drops: "CamoNet"
18:31:12.489 [CE][LootRespawner] (PRIDummy) :: Item [60] is hard to place, performance drops: "GorkaEJacket_Summer"
18:31:12.489 [CE][LootRespawner] (PRIDummy) :: Item [61] is hard to place, performance drops: "GorkaEJacket_Summer"
18:31:12.489 [CE][LootRespawner] (PRIDummy) :: Item [62] is hard to place, performance drops: "GorkaEJacket_Summer"
18:31:12.660  ENTITY    (W): Unknown object class 'pond' (dz\water\ponds\pond_50x50.p3d)
18:31:12.660  ENTITY    (W): Unknown object class 'pond' (dz\water\ponds\pond_50x50.p3d)
18:31:12.660 [CE][LootRespawner] (PRIDummy) :: Item [63] is hard to place, performance drops: "MedicalScrubsPants_Blue"
18:31:12.660 [CE][LootRespawner] (PRIDummy) :: Item [64] is hard to place, performance drops: "MedicalScrubsPants_Blue"
18:31:12.660 [CE][LootRespawner] (PRIDummy) :: Item [65] is hard to place, performance drops: "MedicalScrubsPants_Blue"
18:31:12.754 [CE][LootRespawner] (PRIDummy) :: Item [28] causing search overtime: "Mag_STANAG_60Rnd"
18:31:12.801 [CE][LootRespawner] (PRIDummy) :: Item [66] is hard to place, performance drops: "Jeans_Brown"
18:31:12.801 [CE][LootRespawner] (PRIDummy) :: Item [67] is hard to place, performance drops: "Jeans_Brown"
18:31:12.801 [CE][LootRespawner] (PRIDummy) :: Item [68] is hard to place, performance drops: "Jeans_Brown"
18:31:12.801 [CE][LootRespawner] (PRIDummy) :: Item [69] is hard to place, performance drops: "Jeans_Brown"
18:31:12.801 [CE][LootRespawner] (PRIDummy) :: Item [70] is hard to place, performance drops: "Jeans_Brown"
18:31:12.801 [CE][LootRespawner] (PRIDummy) :: Item [29] causing search overtime: "Mag_SSG82_5rnd"
18:31:12.801 [CE][LootRespawner] (PRIDummy) :: Item [30] causing search overtime: "Mag_SSG82_5rnd"
18:31:12.801 [CE][LootRespawner] (PRIDummy) :: Item [31] causing search overtime: "Mag_SSG82_5rnd"
18:31:12.801 [CE][LootRespawner] (PRIDummy) :: Item [32] causing search overtime: "Mag_SSG82_5rnd"
18:31:12.801  ENTITY    (W): Unknown object class 'pond' (dz\water\ponds\moss\pond_small_16_moss.p3d)
18:31:12.801  ENTITY    (W): Unknown object class 'pond' (dz\water\ponds\moss\pond_big_33_03_moss.p3d)
18:31:13.67   WORLD        : Create entity type 'Headtorch_Black'
18:31:13.67    ENTITY    (E): Type 'Inventory_BaseType' must be inherited from class 'ClothingType'
18:31:13.82   ENTITY    (W): Unknown object class 'pond' (dz\water\ponds\pond_small_14.p3d)
18:31:13.82   ENTITY    (W): Unknown object class 'pond' (dz\water\ponds\pond_50x50.p3d)
18:31:13.145 [CE][LootRespawner] (PRIDummy) :: Item [33] causing search overtime: "AK_Bayonet"
18:31:13.160 [CE][LootRespawner] (PRIDummy) :: Item [71] is hard to place, performance drops: "HikingJacket_Blue"
18:31:13.160 [CE][LootRespawner] (PRIDummy) :: Initially (re)spawned:20354, Nominal:20365, Total in Map: 19356 at 6 (sec)
18:31:13.160   tests:20534, repeats:108 fails:72, overtime:34
18:31:13.160 [CE][Links] found 0 total links between groups, of 1
18:31:13.160 [CE][SpawnRandomLoot] (StaticAirplaneCrate) :: Type: StaticObj_Misc_SupplyBox1_DE, lootmin: 4, lootmax: 8, wanted: 4, deloot: 2, containermaxsum: 4
18:31:13.160 [CE][SpawnRandomLoot] (StaticAirplaneCrate) :: Type: StaticObj_Misc_SupplyBox1_DE :: !!! Sum of container LootMax is lower than event child LootMax (4 < 8)
18:31:13.176  ENTITY    (W): Unknown object class 'building' (dz\structures\military\airfield\mil_blastcover4_grass_r.p3d)
18:31:13.176  ENTITY    (W): Unknown object class 'building' (dz\structures\military\airfield\mil_blastcover4_grass_l.p3d)
18:31:13.207 [CE][Links] found 0 total links between groups, of 2
18:31:13.207 [CE][SpawnRandomLoot] (StaticAirplaneCrate) :: Type: StaticObj_Misc_SupplyBox2_DE, lootmin: 4, lootmax: 8, wanted: 6, deloot: 2, containermaxsum: 4
18:31:13.207 [CE][SpawnRandomLoot] (StaticAirplaneCrate) :: Type: StaticObj_Misc_SupplyBox2_DE :: !!! Sum of container LootMax is lower than event child LootMax (4 < 8)
18:31:13.207 [CE][SpawnRandomLoot] (StaticAirplaneCrate) :: Type: StaticObj_Misc_SupplyBox2_DE :: !!! Wanting to spawn more loot than possible (6 > 4)
18:31:13.207 [CE][Links] found 0 total links between groups, of 3
18:31:13.207 [CE][SpawnRandomLoot] (StaticAirplaneCrate) :: Type: StaticObj_Misc_SupplyBox3_DE, lootmin: 4, lootmax: 8, wanted: 6, deloot: 2, containermaxsum: 4
18:31:13.207 [CE][SpawnRandomLoot] (StaticAirplaneCrate) :: Type: StaticObj_Misc_SupplyBox3_DE :: !!! Sum of container LootMax is lower than event child LootMax (4 < 8)
18:31:13.207 [CE][SpawnRandomLoot] (StaticAirplaneCrate) :: Type: StaticObj_Misc_SupplyBox3_DE :: !!! Wanting to spawn more loot than possible (6 > 4)
18:31:13.207 [CE][Links] found 0 total links between groups, of 4
18:31:13.207 [CE][SpawnRandomLoot] (StaticAirplaneCrate) :: Type: StaticObj_Misc_SupplyBox1_DE, lootmin: 4, lootmax: 8, wanted: 6, deloot: 2, containermaxsum: 4
18:31:13.207 [CE][SpawnRandomLoot] (StaticAirplaneCrate) :: Type: StaticObj_Misc_SupplyBox1_DE :: !!! Sum of container LootMax is lower than event child LootMax (4 < 8)
18:31:13.207 [CE][SpawnRandomLoot] (StaticAirplaneCrate) :: Type: StaticObj_Misc_SupplyBox1_DE :: !!! Wanting to spawn more loot than possible (6 > 4)
18:31:13.207 [CE][Links] found 0 total links between groups, of 5
18:31:13.207 [CE][SpawnRandomLoot] (StaticAirplaneCrate) :: Type: StaticObj_Misc_SupplyBox3_DE, lootmin: 4, lootmax: 8, wanted: 7, deloot: 2, containermaxsum: 4
18:31:13.207 [CE][SpawnRandomLoot] (StaticAirplaneCrate) :: Type: StaticObj_Misc_SupplyBox3_DE :: !!! Sum of container LootMax is lower than event child LootMax (4 < 8)
18:31:13.207 [CE][SpawnRandomLoot] (StaticAirplaneCrate) :: Type: StaticObj_Misc_SupplyBox3_DE :: !!! Wanting to spawn more loot than possible (7 > 4)
18:31:13.207 [CE][Links] found 0 total links between groups, of 6
18:31:13.207 [CE][SpawnRandomLoot] (StaticAirplaneCrate) :: Type: StaticObj_Misc_SupplyBox3_DE, lootmin: 4, lootmax: 8, wanted: 5, deloot: 2, containermaxsum: 4
18:31:13.207 [CE][SpawnRandomLoot] (StaticAirplaneCrate) :: Type: StaticObj_Misc_SupplyBox3_DE :: !!! Sum of container LootMax is lower than event child LootMax (4 < 8)
18:31:13.207 [CE][SpawnRandomLoot] (StaticAirplaneCrate) :: Type: StaticObj_Misc_SupplyBox3_DE :: !!! Wanting to spawn more loot than possible (5 > 4)
18:31:13.207 [CE][Links] found 0 total links between groups, of 7
18:31:13.207 [CE][SpawnRandomLoot] (StaticAirplaneCrate) :: Type: StaticObj_Misc_SupplyBox3_DE, lootmin: 4, lootmax: 8, wanted: 5, deloot: 2, containermaxsum: 4
18:31:13.207 [CE][SpawnRandomLoot] (StaticAirplaneCrate) :: Type: StaticObj_Misc_SupplyBox3_DE :: !!! Sum of container LootMax is lower than event child LootMax (4 < 8)
18:31:13.207 [CE][SpawnRandomLoot] (StaticAirplaneCrate) :: Type: StaticObj_Misc_SupplyBox3_DE :: !!! Wanting to spawn more loot than possible (5 > 4)
18:31:13.207 [CE][Links] found 2 total links between groups, of 8
18:31:13.207 [CE][SpawnRandomLoot] (StaticAirplaneCrate) :: Type: StaticObj_Misc_SupplyBox2_DE, lootmin: 4, lootmax: 8, wanted: 5, deloot: 2, containermaxsum: 4
18:31:13.207 [CE][SpawnRandomLoot] (StaticAirplaneCrate) :: Type: StaticObj_Misc_SupplyBox2_DE :: !!! Sum of container LootMax is lower than event child LootMax (4 < 8)
18:31:13.207 [CE][SpawnRandomLoot] (StaticAirplaneCrate) :: Type: StaticObj_Misc_SupplyBox2_DE :: !!! Wanting to spawn more loot than possible (5 > 4)
18:31:13.207 [CE][Links] found 2 total links between groups, of 9
18:31:13.207 [CE][SpawnRandomLoot] (StaticAirplaneCrate) :: Type: StaticObj_Misc_SupplyBox1_DE, lootmin: 4, lootmax: 8, wanted: 6, deloot: 2, containermaxsum: 4
18:31:13.207 [CE][SpawnRandomLoot] (StaticAirplaneCrate) :: Type: StaticObj_Misc_SupplyBox1_DE :: !!! Sum of container LootMax is lower than event child LootMax (4 < 8)
18:31:13.207 [CE][SpawnRandomLoot] (StaticAirplaneCrate) :: Type: StaticObj_Misc_SupplyBox1_DE :: !!! Wanting to spawn more loot than possible (6 > 4)
18:31:13.207 [CE][VehicleRespawner] (PRIContaminatedArea) :: Initial random enabled for "StaticContaminatedArea" - Chosen nominal: 3
18:31:13.223 [CE][Links] found 2 total links between groups, of 10
18:31:13.223 [CE][SpawnRandomLoot] (StaticHeliCrash) :: Type: Wreck_UH1Y, lootmin: 10, lootmax: 15, wanted: 13, deloot: 2, containermaxsum: 15
18:31:13.239 [CE][Links] found 2 total links between groups, of 11
18:31:13.239 [CE][SpawnRandomLoot] (StaticHeliCrash) :: Type: Wreck_UH1Y, lootmin: 10, lootmax: 15, wanted: 11, deloot: 2, containermaxsum: 15
18:31:13.239 [CE][Links] found 2 total links between groups, of 12
18:31:13.239 [CE][SpawnRandomLoot] (StaticHeliCrash) :: Type: Wreck_UH1Y, lootmin: 10, lootmax: 15, wanted: 14, deloot: 2, containermaxsum: 15
18:31:13.254  ENTITY       : Load entity type 'Land_Wreck_Offroad02_Aban2_TK_DE'
18:31:13.254   ENTITY    (W): Door 'Doors3' is missing geometry components for selection 'Doors3', check model+config
18:31:13.254 [CE][Links] found 2 total links between groups, of 13
18:31:13.254 [CE][SpawnRandomLoot] (StaticMilitaryConvoy) :: Type: Land_Wreck_offroad02_aban2_TK_DE, lootmin: 2, lootmax: 3, wanted: 2, deloot: 1, containermaxsum: 14
18:31:13.270 [CE][Links] found 2 total links between groups, of 14
18:31:13.270 [CE][SpawnRandomLoot] (StaticMilitaryConvoy) :: Type: Land_Wreck_offroad02_Medic_TK_DE, lootmin: 2, lootmax: 3, wanted: 2, deloot: 1, containermaxsum: 11
18:31:13.270 [CE][Links] found 2 total links between groups, of 15
18:31:13.270 [CE][SpawnRandomLoot] (StaticMilitaryConvoy) :: Type: StaticObj_Wreck_Stryker_DE, lootmin: 2, lootmax: 3, wanted: 2, deloot: 1, containermaxsum: 8
18:31:13.270 [CE][Links] found 2 total links between groups, of 16
18:31:13.270 [CE][SpawnRandomLoot] (StaticMilitaryConvoy) :: Type: StaticObj_Wreck_Ural_DE, lootmin: 2, lootmax: 3, wanted: 2, deloot: 1, containermaxsum: 5
18:31:13.285 [CE][Links] found 2 total links between groups, of 17
18:31:13.285 [CE][SpawnRandomLoot] (StaticMilitaryConvoy) :: Type: StaticObj_Wreck_Stryker_DE, lootmin: 2, lootmax: 3, wanted: 2, deloot: 1, containermaxsum: 8
18:31:13.285 [CE][Links] found 2 total links between groups, of 18
18:31:13.285 [CE][SpawnRandomLoot] (StaticMilitaryConvoy) :: Type: StaticObj_Wreck_Stryker_DE, lootmin: 2, lootmax: 3, wanted: 2, deloot: 1, containermaxsum: 8
18:31:13.285 [CE][Links] found 2 total links between groups, of 19
18:31:13.285 [CE][SpawnRandomLoot] (StaticMilitaryConvoy) :: Type: StaticObj_Wreck_Uaz_DE, lootmin: 2, lootmax: 3, wanted: 2, deloot: 1, containermaxsum: 6
18:31:13.301 [CE][Links] found 2 total links between groups, of 20
18:31:13.301 [CE][SpawnRandomLoot] (StaticMilitaryConvoy) :: Type: StaticObj_Wreck_MTVR_Cargo_DE, lootmin: 2, lootmax: 3, wanted: 2, deloot: 1, containermaxsum: 12
18:31:13.301 [CE][Links] found 2 total links between groups, of 21
18:31:13.301 [CE][SpawnRandomLoot] (StaticMilitaryConvoy) :: Type: Land_Wreck_offroad02_aban1_TK_DE, lootmin: 2, lootmax: 3, wanted: 2, deloot: 1, containermaxsum: 15
18:31:13.301 [CE][Links] found 2 total links between groups, of 22
18:31:13.301 [CE][SpawnRandomLoot] (StaticMilitaryConvoy) :: Type: Land_Wreck_offroad02_Medic_TK_DE, lootmin: 2, lootmax: 3, wanted: 2, deloot: 1, containermaxsum: 11
18:31:13.301 [CE][Links] found 2 total links between groups, of 23
18:31:13.301 [CE][SpawnRandomLoot] (StaticMilitaryConvoy) :: Type: StaticObj_Wreck_MTVR_Cargo_DE, lootmin: 2, lootmax: 3, wanted: 2, deloot: 1, containermaxsum: 12
18:31:13.317 [CE][Links] found 2 total links between groups, of 24
18:31:13.317 [CE][SpawnRandomLoot] (StaticMilitaryConvoy) :: Type: Land_Wreck_offroad02_aban1_TK_DE, lootmin: 2, lootmax: 3, wanted: 2, deloot: 1, containermaxsum: 15
18:31:13.317 [CE][Links] found 2 total links between groups, of 25
18:31:13.317 [CE][SpawnRandomLoot] (StaticMilitaryConvoy) :: Type: StaticObj_Wreck_Stryker_DE, lootmin: 2, lootmax: 3, wanted: 2, deloot: 1, containermaxsum: 8
18:31:13.317 [CE][Links] found 4 total links between groups, of 26
18:31:13.317 [CE][SpawnRandomLoot] (StaticMilitaryConvoy) :: Type: Land_Wreck_offroad02_Medic_TK_DE, lootmin: 2, lootmax: 3, wanted: 2, deloot: 1, containermaxsum: 11
18:31:13.317 [CE][Links] found 4 total links between groups, of 27
18:31:13.317 [CE][SpawnRandomLoot] (StaticMilitaryConvoy) :: Type: Land_Wreck_offroad02_aban2_TK_DE, lootmin: 2, lootmax: 3, wanted: 2, deloot: 1, containermaxsum: 14
18:31:13.317 [CE][Links] found 4 total links between groups, of 28
18:31:13.317 [CE][SpawnRandomLoot] (StaticMilitaryConvoy) :: Type: Land_Wreck_offroad02_aban1_TK_DE, lootmin: 2, lootmax: 3, wanted: 2, deloot: 1, containermaxsum: 15
18:31:13.317 [CE][Links] found 4 total links between groups, of 29
18:31:13.317 [CE][SpawnRandomLoot] (StaticMilitaryConvoy) :: Type: Land_Wreck_offroad02_aban1_TK_DE, lootmin: 2, lootmax: 3, wanted: 2, deloot: 1, containermaxsum: 15
18:31:13.332 [CE][Links] found 4 total links between groups, of 30
18:31:13.332 [CE][SpawnRandomLoot] (StaticMilitaryConvoy) :: Type: StaticObj_Wreck_MTVR_Cargo_DE, lootmin: 2, lootmax: 3, wanted: 2, deloot: 1, containermaxsum: 12
18:31:13.332 [CE][Links] found 4 total links between groups, of 31
18:31:13.332 [CE][SpawnRandomLoot] (StaticMilitaryConvoy) :: Type: StaticObj_Wreck_Ural_DE, lootmin: 2, lootmax: 3, wanted: 2, deloot: 1, containermaxsum: 5
18:31:13.332 [CE][Links] found 4 total links between groups, of 32
18:31:13.332 [CE][SpawnRandomLoot] (StaticMilitaryConvoy) :: Type: StaticObj_Wreck_Uaz_DE, lootmin: 2, lootmax: 3, wanted: 2, deloot: 1, containermaxsum: 6
18:31:13.332 [CE][Links] found 4 total links between groups, of 33
18:31:13.332 [CE][SpawnRandomLoot] (StaticMilitaryConvoy) :: Type: Land_Wreck_offroad02_Medic_TK_DE, lootmin: 2, lootmax: 3, wanted: 2, deloot: 1, containermaxsum: 11
18:31:13.332 [CE][Links] found 4 total links between groups, of 34
18:31:13.332 [CE][SpawnRandomLoot] (StaticMilitaryConvoy) :: Type: StaticObj_Wreck_Stryker_DE, lootmin: 2, lootmax: 3, wanted: 2, deloot: 1, containermaxsum: 8
18:31:13.332 [CE][Links] found 4 total links between groups, of 35
18:31:13.332 [CE][SpawnRandomLoot] (StaticMilitaryConvoy) :: Type: StaticObj_Wreck_Stryker_DE, lootmin: 2, lootmax: 3, wanted: 2, deloot: 1, containermaxsum: 8
18:31:13.332 [CE][Links] found 4 total links between groups, of 36
18:31:13.332 [CE][SpawnRandomLoot] (StaticMilitaryConvoy) :: Type: StaticObj_Wreck_Ural_DE, lootmin: 2, lootmax: 3, wanted: 2, deloot: 1, containermaxsum: 5
18:31:13.332 [CE][Links] found 4 total links between groups, of 37
18:31:13.332 [CE][SpawnRandomLoot] (StaticMilitaryConvoy) :: Type: Land_Wreck_offroad02_aban1_TK_DE, lootmin: 2, lootmax: 3, wanted: 2, deloot: 1, containermaxsum: 15
18:31:13.348 [CE][Links] found 4 total links between groups, of 38
18:31:13.348 [CE][SpawnRandomLoot] (StaticMilitaryConvoy) :: Type: Land_Wreck_offroad02_aban1_TK_DE, lootmin: 2, lootmax: 3, wanted: 2, deloot: 1, containermaxsum: 15
18:31:13.348 [CE][Links] found 4 total links between groups, of 39
18:31:13.348 [CE][SpawnRandomLoot] (StaticMilitaryConvoy) :: Type: StaticObj_Wreck_Uaz_DE, lootmin: 2, lootmax: 3, wanted: 2, deloot: 1, containermaxsum: 6
18:31:13.348 [CE][Links] found 4 total links between groups, of 40
18:31:13.348 [CE][SpawnRandomLoot] (StaticMilitaryConvoy) :: Type: StaticObj_Wreck_Stryker_DE, lootmin: 2, lootmax: 3, wanted: 2, deloot: 1, containermaxsum: 8
18:31:13.348 [CE][Links] found 4 total links between groups, of 41
18:31:13.348 [CE][SpawnRandomLoot] (StaticMilitaryConvoy) :: Type: StaticObj_Wreck_Stryker_DE, lootmin: 2, lootmax: 3, wanted: 2, deloot: 1, containermaxsum: 8
18:31:13.348 [CE][Links] found 6 total links between groups, of 42
18:31:13.348 [CE][SpawnRandomLoot] (StaticMilitaryConvoy) :: Type: Land_Wreck_offroad02_Medic_TK_DE, lootmin: 2, lootmax: 3, wanted: 2, deloot: 1, containermaxsum: 11
18:31:13.348 [CE][Links] found 6 total links between groups, of 43
18:31:13.348 [CE][SpawnRandomLoot] (StaticMilitaryConvoy) :: Type: StaticObj_Wreck_Ural_DE, lootmin: 2, lootmax: 3, wanted: 2, deloot: 1, containermaxsum: 5
18:31:13.348 [CE][Links] found 6 total links between groups, of 44
18:31:13.348 [CE][SpawnRandomLoot] (StaticMilitaryConvoy) :: Type: StaticObj_Wreck_Uaz_DE, lootmin: 2, lootmax: 3, wanted: 2, deloot: 1, containermaxsum: 6
18:31:13.348 [CE][Links] found 6 total links between groups, of 45
18:31:13.348 [CE][SpawnRandomLoot] (StaticMilitaryConvoy) :: Type: StaticObj_Wreck_MTVR_Cargo_DE, lootmin: 2, lootmax: 3, wanted: 2, deloot: 1, containermaxsum: 12
18:31:13.364  ENTITY       : Load entity type 'Land_Wreck_hb02_aban1_blue_DE'
18:31:13.364   ENTITY    (W): Door 'Doors3' is missing geometry components for selection 'Doors3', check model+config
18:31:13.364 [CE][Links] found 6 total links between groups, of 46
18:31:13.364 [CE][SpawnRandomLoot] (StaticPoliceSituation) :: Type: Land_Wreck_hb02_aban1_blue_DE, lootmin: 2, lootmax: 2, wanted: 2, deloot: 1, containermaxsum: 8
18:31:13.364  ENTITY       : Load entity type 'Land_Wreck_hb01_aban2_blue_DE'
18:31:13.364   ENTITY    (W): Door 'Doors1' is missing geometry components for selection 'Doors1', check model+config
18:31:13.364   ENTITY    (W): Door 'Doors2' is missing geometry components for selection 'Doors2', check model+config
18:31:13.364 [CE][Links] found 6 total links between groups, of 47
18:31:13.364 [CE][SpawnRandomLoot] (StaticPoliceSituation) :: Type: Land_Wreck_hb01_aban2_blue_DE, lootmin: 2, lootmax: 2, wanted: 2, deloot: 1, containermaxsum: 8
18:31:13.364  ENTITY       : Load entity type 'Land_Wreck_sed01_aban1_police_DE'
18:31:13.364   ENTITY    (W): Door 'Doors3' is missing geometry components for selection 'Doors3', check model+config
18:31:13.364 [CE][Links] found 6 total links between groups, of 48
18:31:13.364 [CE][SpawnRandomLoot] (StaticPoliceSituation) :: Type: Land_Wreck_sed01_aban1_police_DE, lootmin: 2, lootmax: 4, wanted: 2, deloot: 1, containermaxsum: 4
18:31:13.364 [CE][Links] found 6 total links between groups, of 49
18:31:13.364 [CE][SpawnRandomLoot] (StaticPoliceSituation) :: Type: Land_Wreck_truck01_aban1_orange_DE, lootmin: 2, lootmax: 2, wanted: 2, deloot: 1, containermaxsum: 5
18:31:13.364  ENTITY       : Load entity type 'Land_Wreck_hb01_aban1_white_DE'
18:31:13.364   ENTITY    (W): Door 'Doors1' is missing geometry components for selection 'Doors1', check model+config
18:31:13.364   ENTITY    (W): Door 'Doors2' is missing geometry components for selection 'Doors2', check model+config
18:31:13.364 [CE][Links] found 6 total links between groups, of 50
18:31:13.364 [CE][SpawnRandomLoot] (StaticPoliceSituation) :: Type: Land_Wreck_hb01_aban1_white_DE, lootmin: 2, lootmax: 2, wanted: 2, deloot: 1, containermaxsum: 8
18:31:13.364 [CE][Links] found 6 total links between groups, of 51
18:31:13.364 [CE][SpawnRandomLoot] (StaticPoliceSituation) :: Type: Land_Wreck_sed01_aban1_police_DE, lootmin: 2, lootmax: 4, wanted: 2, deloot: 1, containermaxsum: 4
18:31:13.379 [CE][Links] found 6 total links between groups, of 52
18:31:13.379 [CE][SpawnRandomLoot] (StaticPoliceSituation) :: Type: Land_Wreck_sed01_aban1_police_DE, lootmin: 2, lootmax: 4, wanted: 3, deloot: 1, containermaxsum: 4
18:31:13.379  ENTITY       : Load entity type 'Land_Wreck_sed01_aban2_police_DE'
18:31:13.379   ENTITY    (W): Door 'Doors3' is missing geometry components for selection 'Doors3', check model+config
18:31:13.379 [CE][Links] found 6 total links between groups, of 53
18:31:13.379 [CE][SpawnRandomLoot] (StaticPoliceSituation) :: Type: Land_Wreck_sed01_aban2_police_DE, lootmin: 2, lootmax: 4, wanted: 2, deloot: 1, containermaxsum: 4
18:31:13.379 [CE][Links] found 6 total links between groups, of 54
18:31:13.379 [CE][SpawnRandomLoot] (StaticPoliceSituation) :: Type: Land_Wreck_sed01_aban2_police_DE, lootmin: 2, lootmax: 4, wanted: 2, deloot: 1, containermaxsum: 4
18:31:13.379  ENTITY    (W): Unknown object class 'pond' (dz\water\ponds\pond_small_20.p3d)
18:31:13.395 [CE][Links] found 6 total links between groups, of 55
18:31:13.395 [CE][SpawnRandomLoot] (StaticPoliceSituation) :: Type: Land_Wreck_Tractor_DE, lootmin: 2, lootmax: 2, wanted: 2, deloot: 1, containermaxsum: 5
18:31:13.395 [CE][Links] found 6 total links between groups, of 56
18:31:13.395 [CE][SpawnRandomLoot] (StaticPoliceSituation) :: Type: Land_Wreck_sed01_aban2_police_DE, lootmin: 2, lootmax: 4, wanted: 3, deloot: 1, containermaxsum: 4
18:31:13.395  ENTITY       : Load entity type 'Land_Wreck_hb02_aban1_red_DE'
18:31:13.395   ENTITY    (W): Door 'Doors3' is missing geometry components for selection 'Doors3', check model+config
18:31:13.395 [CE][Links] found 6 total links between groups, of 57
18:31:13.395 [CE][SpawnRandomLoot] (StaticPoliceSituation) :: Type: Land_Wreck_hb02_aban1_red_DE, lootmin: 2, lootmax: 2, wanted: 2, deloot: 1, containermaxsum: 8
18:31:13.395 [CE][Links] found 6 total links between groups, of 58
18:31:13.395 [CE][SpawnRandomLoot] (StaticPoliceSituation) :: Type: Land_Wreck_sed01_aban1_police_DE, lootmin: 2, lootmax: 4, wanted: 2, deloot: 1, containermaxsum: 4
18:31:13.395 [CE][Links] found 6 total links between groups, of 59
18:31:13.395 [CE][SpawnRandomLoot] (StaticPoliceSituation) :: Type: Land_Wreck_hb02_aban2_black_DE, lootmin: 2, lootmax: 2, wanted: 2, deloot: 1, containermaxsum: 10
18:31:13.395  ENTITY       : Load entity type 'Land_Wreck_hb01_aban2_green_DE'
18:31:13.395   ENTITY    (W): Door 'Doors1' is missing geometry components for selection 'Doors1', check model+config
18:31:13.395   ENTITY    (W): Door 'Doors2' is missing geometry components for selection 'Doors2', check model+config
18:31:13.395 [CE][Links] found 8 total links between groups, of 60
18:31:13.395 [CE][SpawnRandomLoot] (StaticPoliceSituation) :: Type: Land_Wreck_hb01_aban2_green_DE, lootmin: 2, lootmax: 2, wanted: 2, deloot: 1, containermaxsum: 8
18:31:13.410 [CE][Links] found 8 total links between groups, of 61
18:31:13.410 [CE][SpawnRandomLoot] (StaticTrain) :: Type: StaticObj_Wreck_Train_742_Blue_DE, lootmin: 1, lootmax: 3, wanted: 2, deloot: 0, containermaxsum: 15
18:31:13.410 [CE][Links] found 8 total links between groups, of 62
18:31:13.410 [CE][SpawnRandomLoot] (StaticTrain) :: Type: Land_Train_Wagon_Box_DE, lootmin: 2, lootmax: 3, wanted: 2, deloot: 0, containermaxsum: 7
18:31:13.410 [CE][Links] found 8 total links between groups, of 63
18:31:13.410 [CE][SpawnRandomLoot] (StaticTrain) :: Type: Land_Train_Wagon_Box_DE, lootmin: 2, lootmax: 3, wanted: 2, deloot: 0, containermaxsum: 7
18:31:13.410  ENTITY       : Load entity type 'Land_Container_1Bo_DE'
18:31:13.410   ENTITY    (W): Door 'DoorsTwin1' is missing geometry components for selection 'DoorsTwin1', check model+config
18:31:13.410   ENTITY    (W): Door 'DoorsTwin2' is missing geometry components for selection 'DoorsTwin2', check model+config
18:31:13.410 [CE][Links] found 8 total links between groups, of 64
18:31:13.410 [CE][SpawnRandomLoot] (StaticTrain) :: Type: Land_Container_1Bo_DE, lootmin: 2, lootmax: 4, wanted: 2, deloot: 0, containermaxsum: 6
18:31:13.410 [CE][Links] found 8 total links between groups, of 65
18:31:13.410 [CE][SpawnRandomLoot] (StaticTrain) :: Type: Land_Train_Wagon_Box_DE, lootmin: 2, lootmax: 3, wanted: 2, deloot: 0, containermaxsum: 7
18:31:13.410 [CE][Links] found 8 total links between groups, of 66
18:31:13.410 [CE][SpawnRandomLoot] (StaticTrain) :: Type: Land_Train_Wagon_Box_DE, lootmin: 2, lootmax: 3, wanted: 2, deloot: 0, containermaxsum: 7
18:31:13.410 [CE][Links] found 10 total links between groups, of 67
18:31:13.410 [CE][SpawnRandomLoot] (StaticTrain) :: Type: StaticObj_Train_Wagon_Flat_Industrial_Barrels_DE, lootmin: 1, lootmax: 3, wanted: 1, deloot: 0, containermaxsum: 11
18:31:13.410 [CE][Links] found 10 total links between groups, of 68
18:31:13.410 [CE][SpawnRandomLoot] (StaticTrain) :: Type: StaticObj_Wreck_Train_Wagon_Flat_DE, lootmin: 1, lootmax: 3, wanted: 1, deloot: 0, containermaxsum: 11
18:31:13.410  ENTITY       : Load entity type 'Land_Container_1Aoh_DE'
18:31:13.410   ENTITY    (W): Door 'DoorsTwin1' is missing geometry components for selection 'DoorsTwin1', check model+config
18:31:13.410 [CE][Links] found 12 total links between groups, of 69
18:31:13.410 [CE][SpawnRandomLoot] (StaticTrain) :: Type: Land_Container_1Aoh_DE, lootmin: 3, lootmax: 5, wanted: 3, deloot: 0, containermaxsum: 6
18:31:13.410 [CE][Links] found 14 total links between groups, of 70
18:31:13.410 [CE][SpawnRandomLoot] (StaticTrain) :: Type: Land_Container_1Aoh_DE, lootmin: 3, lootmax: 5, wanted: 4, deloot: 0, containermaxsum: 6
18:31:13.426 [CE][Links] found 14 total links between groups, of 71
18:31:13.426 [CE][SpawnRandomLoot] (StaticTrain) :: Type: StaticObj_Wreck_Train_742_Blue_DE, lootmin: 1, lootmax: 3, wanted: 2, deloot: 0, containermaxsum: 15
18:31:13.426 [CE][Links] found 14 total links between groups, of 72
18:31:13.426 [CE][SpawnRandomLoot] (StaticTrain) :: Type: Land_Container_1Aoh_DE, lootmin: 3, lootmax: 5, wanted: 3, deloot: 0, containermaxsum: 6
18:31:13.426 [CE][Links] found 14 total links between groups, of 73
18:31:13.426 [CE][SpawnRandomLoot] (StaticTrain) :: Type: Land_Container_1Aoh_DE, lootmin: 3, lootmax: 5, wanted: 4, deloot: 0, containermaxsum: 6
18:31:13.426 [CE][Links] found 14 total links between groups, of 74
18:31:13.426 [CE][SpawnRandomLoot] (StaticTrain) :: Type: Land_Container_1Bo_DE, lootmin: 2, lootmax: 4, wanted: 3, deloot: 0, containermaxsum: 6
18:31:13.426 [CE][Links] found 14 total links between groups, of 75
18:31:13.426 [CE][SpawnRandomLoot] (StaticTrain) :: Type: Land_Container_1Bo_DE, lootmin: 2, lootmax: 4, wanted: 2, deloot: 0, containermaxsum: 6
18:31:13.426 [CE][Links] found 16 total links between groups, of 76
18:31:13.426 [CE][SpawnRandomLoot] (StaticTrain) :: Type: StaticObj_Wreck_Train_Wagon_Flat_DE, lootmin: 1, lootmax: 3, wanted: 2, deloot: 0, containermaxsum: 11
18:31:13.426 [CE][Links] found 18 total links between groups, of 77
18:31:13.426 [CE][SpawnRandomLoot] (StaticTrain) :: Type: StaticObj_Train_Wagon_Flat_Industrial_Barrels_DE, lootmin: 1, lootmax: 3, wanted: 1, deloot: 0, containermaxsum: 11
18:31:13.426 [CE][Links] found 22 total links between groups, of 78
18:31:13.426 [CE][SpawnRandomLoot] (StaticTrain) :: Type: StaticObj_Wreck_Train_Wagon_Flat_DE, lootmin: 1, lootmax: 3, wanted: 1, deloot: 0, containermaxsum: 11
18:31:13.426 [CE][Links] found 24 total links between groups, of 79
18:31:13.426 [CE][SpawnRandomLoot] (StaticTrain) :: Type: Land_Container_1Aoh_DE, lootmin: 3, lootmax: 5, wanted: 3, deloot: 0, containermaxsum: 6
18:31:13.426 [CE][Links] found 24 total links between groups, of 80
18:31:13.426 [CE][SpawnRandomLoot] (StaticTrain) :: Type: Land_Train_Wagon_Box_DE, lootmin: 2, lootmax: 3, wanted: 2, deloot: 0, containermaxsum: 7
18:31:13.426 [CE][Links] found 24 total links between groups, of 81
18:31:13.426 [CE][SpawnRandomLoot] (StaticTrain) :: Type: Land_Train_Wagon_Box_DE, lootmin: 2, lootmax: 3, wanted: 2, deloot: 0, containermaxsum: 7
18:31:13.426 [CE][Links] found 24 total links between groups, of 82
18:31:13.426 [CE][SpawnRandomLoot] (StaticTrain) :: Type: Land_Train_Wagon_Box_DE, lootmin: 2, lootmax: 3, wanted: 2, deloot: 0, containermaxsum: 7
18:31:13.442 [CE][Links] found 24 total links between groups, of 83
18:31:13.442 [CE][SpawnRandomLoot] (StaticTrain) :: Type: Land_Train_Wagon_Box_DE, lootmin: 2, lootmax: 3, wanted: 2, deloot: 0, containermaxsum: 7
18:31:13.442 [CE][Links] found 24 total links between groups, of 84
18:31:13.442 [CE][SpawnRandomLoot] (StaticTrain) :: Type: StaticObj_Wreck_Train_742_Red_DE, lootmin: 1, lootmax: 3, wanted: 1, deloot: 0, containermaxsum: 8
18:31:13.442 [CE][Links] found 24 total links between groups, of 85
18:31:13.442 [CE][SpawnRandomLoot] (StaticTrain) :: Type: Land_Train_Wagon_Box_DE, lootmin: 2, lootmax: 3, wanted: 2, deloot: 0, containermaxsum: 7
18:31:13.442 [CE][Links] found 24 total links between groups, of 86
18:31:13.442 [CE][SpawnRandomLoot] (StaticTrain) :: Type: Land_Train_Wagon_Box_DE, lootmin: 2, lootmax: 3, wanted: 2, deloot: 0, containermaxsum: 7
18:31:13.442 [CE][Links] found 24 total links between groups, of 87
18:31:13.442 [CE][SpawnRandomLoot] (StaticTrain) :: Type: Land_Train_Wagon_Box_DE, lootmin: 2, lootmax: 3, wanted: 2, deloot: 0, containermaxsum: 7
18:31:13.442 [CE][Links] found 24 total links between groups, of 88
18:31:13.442 [CE][SpawnRandomLoot] (StaticTrain) :: Type: Land_Train_Wagon_Box_DE, lootmin: 2, lootmax: 3, wanted: 2, deloot: 0, containermaxsum: 7
18:31:13.442 [CE][Links] found 24 total links between groups, of 89
18:31:13.442 [CE][SpawnRandomLoot] (StaticTrain) :: Type: Land_Train_Wagon_Box_DE, lootmin: 2, lootmax: 3, wanted: 2, deloot: 0, containermaxsum: 7
18:31:13.442 [CE][Links] found 24 total links between groups, of 90
18:31:13.442 [CE][SpawnRandomLoot] (StaticTrain) :: Type: Land_Train_Wagon_Box_DE, lootmin: 2, lootmax: 3, wanted: 2, deloot: 0, containermaxsum: 7
18:31:13.442 [CE][Links] found 24 total links between groups, of 91
18:31:13.442 [CE][SpawnRandomLoot] (StaticTrain) :: Type: StaticObj_Wreck_Train_Wagon_Tanker_DE, lootmin: 1, lootmax: 3, wanted: 1, deloot: 0, containermaxsum: 5
18:31:13.442 [CE][Links] found 24 total links between groups, of 92
18:31:13.442 [CE][SpawnRandomLoot] (StaticTrain) :: Type: StaticObj_Wreck_Train_Wagon_Tanker_DE, lootmin: 1, lootmax: 3, wanted: 2, deloot: 0, containermaxsum: 5
18:31:13.582  ENTITY    (W): Unknown object class 'building' (dz\structures\military\airfield\mil_reinforcedtank2_grass_top.p3d)
18:31:13.582  ENTITY    (W): Unknown object class 'building' (dz\structures\military\airfield\mil_reinforcedtank2_grass_r.p3d)
18:31:13.582  ENTITY    (W): Unknown object class 'building' (dz\structures\military\airfield\mil_reinforcedtank2_grass_l.p3d)
18:31:13.640  ENTITY    (W): Unknown object class 'pond' (dz\water\ponds\lake_50x50.p3d)
18:31:13.640  ENTITY    (W): Unknown object class 'pond' (dz\water\ponds\lake_50x50.p3d)
18:31:13.640  ENTITY    (W): Unknown object class 'pond' (dz\water\ponds\lake_50x50.p3d)
18:31:13.734  ENTITY    (W): Unknown object class 'pond' (dz\water\ponds\pond_50x50.p3d)
18:31:13.753  ENTITY    (W): Unknown object class 'pond' (dz\water\ponds\lake_50x50.p3d)
18:31:13.753  ENTITY    (W): Unknown object class 'pond' (dz\water\ponds\lake_50x50.p3d)
18:31:13.753  ENTITY    (W): Unknown object class 'pond' (dz\water\ponds\lake_50x50.p3d)
18:31:13.753  ENTITY    (W): Unknown object class 'pond' (dz\water\ponds\lake_50x50.p3d)
18:31:13.763 [CE][DynEvent] :: 51 types
18:31:13.763 [00] AmbientFox
18:31:13.763   Primary Spawner: "Ambient", active: yes, repeat: 1
18:31:13.763 [01] AmbientHare
18:31:13.763   Primary Spawner: "Ambient", active: yes, repeat: 1
18:31:13.763 [02] AmbientHen
18:31:13.763   Primary Spawner: "Ambient", active: yes, repeat: 1
18:31:13.763 [03] AnimalBear
18:31:13.763   Primary Spawner: "Animal", active: yes, repeat: 1
18:31:13.763 [04] AnimalCow
18:31:13.763   Primary Spawner: "Animal", active: yes, repeat: 1
18:31:13.763 [05] AnimalDeer
18:31:13.763   Primary Spawner: "Animal", active: yes, repeat: 1
18:31:13.763 [06] AnimalGoat
18:31:13.763   Primary Spawner: "Animal", active: yes, repeat: 1
18:31:13.763 [07] AnimalPig
18:31:13.763   Primary Spawner: "Animal", active: yes, repeat: 1
18:31:13.763 [08] AnimalRoeDeer
18:31:13.763   Primary Spawner: "Animal", active: yes, repeat: 1
18:31:13.763 [09] AnimalSheep
18:31:13.763   Primary Spawner: "Animal", active: yes, repeat: 1
18:31:13.763 [10] AnimalWildBoar
18:31:13.763   Primary Spawner: "Animal", active: yes, repeat: 1
18:31:13.763 [11] AnimalWolf
18:31:13.763   Primary Spawner: "Animal", active: yes, repeat: 1
18:31:13.763 [12] InfectedArmy
18:31:13.763   Primary Spawner: "Infected", active: yes, repeat: 1
18:31:13.763 [13] InfectedArmyDesert
18:31:13.763   Primary Spawner: "Infected", active: yes, repeat: 1
18:31:13.763   Secondary Spawner: "Infected", active: yes, repeat: 1
18:31:13.763 [14] InfectedArmyHard
18:31:13.763   Primary Spawner: "Infected", active: yes, repeat: 1
18:31:13.763 [15] InfectedCity
18:31:13.763   Primary Spawner: "Infected", active: yes, repeat: 1
18:31:13.763 [16] InfectedCityTier1
18:31:13.763   Primary Spawner: "Infected", active: yes, repeat: 1
18:31:13.763 [17] InfectedFirefighter
18:31:13.763   Primary Spawner: "Infected", active: yes, repeat: 1
18:31:13.763 [18] InfectedIndustrial
18:31:13.763   Primary Spawner: "Infected", active: yes, repeat: 1
18:31:13.763 [19] InfectedMedic
18:31:13.763   Primary Spawner: "Infected", active: yes, repeat: 1
18:31:13.763 [20] InfectedNBC
18:31:13.763   Primary Spawner: "Infected", active: yes, repeat: 1
18:31:13.763 [21] InfectedPolice
18:31:13.763   Primary Spawner: "Infected", active: yes, repeat: 1
18:31:13.763 [22] InfectedPoliceHard
18:31:13.763   Primary Spawner: "Infected", active: yes, repeat: 1
18:31:13.763 [23] InfectedPrisoner
18:31:13.763   Primary Spawner: "Infected", active: yes, repeat: 1
18:31:13.763 [24] InfectedReligious
18:31:13.763   Primary Spawner: "Infected", active: yes, repeat: 1
18:31:13.763 [25] InfectedSanta
18:31:13.763   Primary Spawner: "Infected", active: yes, repeat: 1
18:31:13.763 [26] InfectedSolitude
18:31:13.763   Primary Spawner: "Infected", active: yes, repeat: 1
18:31:13.763 [27] InfectedVillage
18:31:13.763   Primary Spawner: "Infected", active: yes, repeat: 1
18:31:13.763 [28] InfectedVillageTier1
18:31:13.763   Primary Spawner: "Infected", active: yes, repeat: 1
18:31:13.763 [29] ItemPlanks
18:31:13.763   Primary Spawner: "Item", active: yes, repeat: 1
18:31:13.763 [30] Loot
18:31:13.763   Primary Spawner: "Loot", active: yes, repeat: 2
18:31:13.763 [31] StaticAirplaneCrate
18:31:13.763   Primary Spawner: "Static", active: yes, repeat: 1
18:31:13.763 [32] StaticContaminatedArea
18:31:13.763   Primary Spawner: "Static", active: yes, repeat: 1
18:31:13.763 [33] StaticHeliCrash
18:31:13.763   Primary Spawner: "Static", active: yes, repeat: 1
18:31:13.763   Secondary Spawner: "Infected", active: yes, repeat: 1
18:31:13.763 [34] StaticMilitaryConvoy
18:31:13.763   Primary Spawner: "Static", active: yes, repeat: 1
18:31:13.763   Secondary Spawner: "Infected", active: yes, repeat: 1
18:31:13.763 [35] StaticPoliceSituation
18:31:13.763   Primary Spawner: "Static", active: yes, repeat: 1
18:31:13.763   Secondary Spawner: "Infected", active: yes, repeat: 1
18:31:13.763 [36] StaticTrain
18:31:13.763   Primary Spawner: "Static", active: yes, repeat: 1
18:31:13.763   Secondary Spawner: "Infected", active: yes, repeat: 1
18:31:13.763 [37] TrajectoryApple
18:31:13.763   Primary Spawner: "Trajectory", active: yes, repeat: 1
18:31:13.763 [38] TrajectoryConiferous
18:31:13.763   Primary Spawner: "Trajectory", active: yes, repeat: 1
18:31:13.763 [39] TrajectoryDeciduous
18:31:13.763   Primary Spawner: "Trajectory", active: yes, repeat: 1
18:31:13.763 [40] TrajectoryHumus
18:31:13.763   Primary Spawner: "Trajectory", active: yes, repeat: 1
18:31:13.763 [41] TrajectoryPear
18:31:13.763   Primary Spawner: "Trajectory", active: yes, repeat: 1
18:31:13.763 [42] TrajectoryPlum
18:31:13.763   Primary Spawner: "Trajectory", active: yes, repeat: 1
18:31:13.763 [43] TrajectoryStones
18:31:13.763   Primary Spawner: "Trajectory", active: yes, repeat: 1
18:31:13.763 [44] VehicleBoat
18:31:13.763   Primary Spawner: "Vehicle", active: yes, repeat: 1
18:31:13.763 [45] VehicleCivilianSedan
18:31:13.763   Primary Spawner: "Vehicle", active: yes, repeat: 1
18:31:13.763 [46] VehicleHatchback02
18:31:13.763   Primary Spawner: "Vehicle", active: yes, repeat: 1
18:31:13.763 [47] VehicleOffroad02
18:31:13.763   Primary Spawner: "Vehicle", active: yes, repeat: 1
18:31:13.763 [48] VehicleOffroadHatchback
18:31:13.763   Primary Spawner: "Vehicle", active: yes, repeat: 1
18:31:13.763 [49] VehicleSedan02
18:31:13.763   Primary Spawner: "Vehicle", active: yes, repeat: 1
18:31:13.763 [50] VehicleTruck01
18:31:13.763   Primary Spawner: "Vehicle", active: yes, repeat: 1
18:31:13.763 [CE][Hive] :: Initializing of spawners done.
18:31:13.776 [CE][Hive] :: Init sequence finished.
18:31:13.776 Player connect enabled
18:31:13.888 BIOS clientVersion: "66" and hostname of server: "nitrado.net gameserver"
18:31:13.959 [BIOS] Register server returned: {"id":"ba80e92d-705a-454b-a3e1-ca8ba7f736b3"}
18:31:14.446 [IdleMode] Entering IN - save processed
18:31:14.446 Connected to BIOS (server registration) with id ba80e92d-705a-454b-a3e1-ca8ba7f736b3
18:31:14.456 ENTITY    (W): Unknown object class 'pond' (dz\water\ponds\pond_50x50.p3d)
18:31:14.456 ENTITY    (W): Unknown object class 'pond' (dz\water\ponds\pond_50x50.p3d)
18:31:14.456 ENTITY    (W): Unknown object class 'pond' (dz\water\ponds\moss\pond_50x50_moss.p3d)
18:31:14.466 ENTITY    (W): Unknown object class 'pond' (dz\water\ponds\pond_50x50.p3d)
18:31:14.466 ENTITY    (W): Unknown object class 'pond' (dz\water\ponds\pond_50x50.p3d)
18:31:14.466 ENTITY    (W): Unknown object class 'pond' (dz\water\ponds\pond_small_23.p3d)
18:31:14.480 ENTITY    (W): Unknown object class 'pond' (dz\water\ponds\pond_big_38_01.p3d)
18:31:14.480 ENTITY    (W): Unknown object class 'pond' (dz\water\ponds\pond_small_25.p3d)
18:31:14.578 ENTITY    (W): Unknown object class 'pond' (dz\water\ponds\pond_small_01.p3d)
18:31:14.578 ENTITY    (W): Unknown object class 'pond' (dz\water\ponds\pond_50x50.p3d)
18:31:14.585 ENTITY    (W): Unknown object class 'pond' (dz\water\ponds\pond_50x50.p3d)
18:31:14.585 ENTITY    (W): Unknown object class 'pond' (dz\water\ponds\moss\pond_50x50_moss.p3d)
18:31:14.585 ENTITY    (W): Unknown object class 'pond' (dz\water\ponds\pond_50x50.p3d)
18:31:14.585 ENTITY    (W): Unknown object class 'pond' (dz\water\ponds\pond_50x50.p3d)
18:31:14.598 ENTITY    (W): Unknown object class 'pond' (dz\water\ponds\pond_big_31_01.p3d)
18:31:14.598 ENTITY    (W): Unknown object class 'pond' (dz\water\ponds\pond_big_31_02.p3d)
18:31:14.598 ENTITY    (W): Unknown object class 'pond' (dz\water\ponds\pond_big_31_04.p3d)
18:31:14.598 ENTITY    (W): Unknown object class 'pond' (dz\water\ponds\pond_big_31_03.p3d)
18:31:14.598 ENTITY    (W): Unknown object class 'pond' (dz\water\ponds\pond_50x50.p3d)
18:31:14.698 ENTITY    (W): Unknown object class 'pond' (dz\water\ponds\pond_50x50.p3d)
18:31:14.716 ENTITY    (W): Unknown object class 'pond' (dz\water\ponds\pond_50x50.p3d)
18:31:14.793 ENTITY    (W): Unknown object class 'pond' (dz\water\ponds\pond_50x50.p3d)
18:31:14.795 ENTITY    (W): Unknown object class 'building' (dz\structures\military\tisy\tisy_garages_grass_r.p3d)
18:31:14.795 ENTITY    (W): Unknown object class 'building' (dz\structures\military\tisy\tisy_garages_grass_l.p3d)
18:31:14.795 ENTITY       : Load entity type 'Land_Tisy_Garages'
18:31:14.795  ENTITY    (W): Door 'DoorsTwin1' is missing geometry components for selection 'DoorsTwin1', check model+config
18:31:14.795  ENTITY    (W): Door 'DoorsTwin2' is missing geometry components for selection 'DoorsTwin2', check model+config
18:31:14.913 ENTITY    (W): Unknown object class 'pond' (dz\water\ponds\pond_50x50.p3d)
18:31:14.938 ENTITY    (W): Unknown object class 'pond' (dz\water\ponds\pond_50x50.p3d)
18:31:14.940 ENTITY    (W): Unknown object class 'pond' (dz\water\ponds\pond_50x50.p3d)
18:31:15.40  ENTITY    (W): Unknown object class 'pond' (dz\water\ponds\pond_small_02.p3d)
18:31:15.119 ENTITY       : Load entity type 'Land_Mil_ATC_Big'
18:31:15.119  ENTITY    (W): Door 'DoorsTwin1' is missing geometry components for selection 'DoorsTwin1', check model+config
18:31:15.119  ENTITY    (W): Door 'DoorsTwin2' is missing geometry components for selection 'DoorsTwin2', check model+config
18:31:15.119  ENTITY    (W): Door 'DoorsTwin3' is missing geometry components for selection 'DoorsTwin3', check model+config
18:31:15.153 ENTITY    (W): Unknown object class 'pond' (dz\water\ponds\pond_50x50.p3d)
18:31:15.198 ENTITY    (W): Unknown object class 'pond' (dz\water\ponds\moss\pond_small_03_moss.p3d)
18:31:15.258 ENTITY    (W): Unknown object class 'pond' (dz\water\ponds\pond_50x50.p3d)
18:31:15.423 ENTITY    (W): Unknown object class 'pond' (dz\water\ponds\pond_50x50.p3d)
18:31:15.423 ENTITY    (W): Unknown object class 'pond' (dz\water\ponds\pond_50x50.p3d)
18:31:15.459 ENTITY       : Load entity type 'Land_Airfield_Small_Control'
18:31:15.459  ENTITY    (W): Unknown object class 'thing' (dz\structures\furniture\eletrical_appliances\washing_machine\washing_machine.p3d)
18:31:15.459  ENTITY    (W): Unknown object class 'thing' (dz\structures\furniture\eletrical_appliances\washing_machine\washing_machine.p3d)
18:31:15.464  ENTITY    (W): Unknown object class 'thing' (dz\structures\furniture\eletrical_appliances\washing_machine\washing_machine.p3d)
18:31:15.464  ENTITY    (W): Unknown object class 'thing' (dz\structures\furniture\eletrical_appliances\washing_machine\washing_machine.p3d)
18:31:15.466 ENTITY    (W): Unknown object class 'pond' (dz\water\ponds\pond_50x50.p3d)
18:31:15.466 ENTITY    (W): Unknown object class 'pond' (dz\water\ponds\pond_50x50.p3d)
18:31:15.466 ENTITY    (W): Unknown object class 'pond' (dz\water\ponds\pond_50x50.p3d)
18:31:17.773 ENTITY    (W): Unknown object class 'pond' (dz\water\ponds\moss\pond_big_29_02_moss.p3d)
18:31:17.773 ENTITY    (W): Unknown object class 'pond' (dz\water\ponds\moss\pond_big_28_03_moss.p3d)
18:31:17.773 ENTITY    (W): Unknown object class 'pond' (dz\water\ponds\moss\pond_big_29_04_moss.p3d)
18:31:18.709 ENTITY    (W): Unknown object class 'pond' (dz\water\ponds\moss\pond_big_28_01_moss.p3d)
18:31:18.915 ENTITY    (W): Unknown object class 'pond' (dz\water\ponds\moss\pond_big_41_03_moss.p3d)
18:31:18.915 ENTITY    (W): Unknown object class 'pond' (dz\water\ponds\moss\pond_big_37_03_moss.p3d)
18:31:18.915 ENTITY    (W): Unknown object class 'pond' (dz\water\ponds\moss\pond_big_37_04_moss.p3d)
18:31:32.367 ENTITY       : Load entity type 'Land_CementWorks_MillC'
18:31:32.367  ENTITY    (W): Door 'DoorsTwin1' is missing geometry components for selection 'DoorsTwin1', check model+config
18:31:33.320 ENTITY    (W): Unknown object class 'pond' (dz\water\ponds\moss\pond_big_31_03_moss.p3d)
18:31:33.320 ENTITY    (W): Unknown object class 'pond' (dz\water\ponds\moss\pond_big_31_04_moss.p3d)
18:31:33.320 ENTITY    (W): Unknown object class 'pond' (dz\water\ponds\moss\pond_big_37_01_moss.p3d)
18:31:33.320 ENTITY    (W): Unknown object class 'pond' (dz\water\ponds\moss\pond_big_31_02_moss.p3d)
18:31:33.320 ENTITY    (W): Unknown object class 'pond' (dz\water\ponds\moss\pond_big_31_01_moss.p3d)
18:31:33.320 ENTITY    (W): Unknown object class 'pond' (dz\water\ponds\moss\pond_small_15_moss.p3d)
18:31:33.320 ENTITY    (W): Unknown object class 'pond' (dz\water\ponds\moss\pond_big_37_04_moss.p3d)
18:31:33.320 ENTITY    (W): Unknown object class 'pond' (dz\water\ponds\moss\pond_big_37_04_moss.p3d)
18:31:33.320 ENTITY    (W): Unknown object class 'pond' (dz\water\ponds\moss\pond_big_37_03_moss.p3d)
18:31:33.320 ENTITY    (W): Unknown object class 'pond' (dz\water\ponds\moss\pond_big_36_04_moss.p3d)
18:31:33.320 ENTITY    (W): Unknown object class 'pond' (dz\water\ponds\moss\pond_big_36_03_moss.p3d)
18:31:33.320 ENTITY    (W): Unknown object class 'pond' (dz\water\ponds\moss\pond_big_36_01_moss.p3d)
18:31:33.320 ENTITY    (W): Unknown object class 'pond' (dz\water\ponds\moss\pond_big_36_02_moss.p3d)
18:31:36.924 ENTITY    (W): Unknown object class 'pond' (dz\water\ponds\moss\pond_big_30_01_moss.p3d)
18:31:38.747 ENTITY    (W): Unknown object class 'pond' (dz\water\ponds\moss\pond_50x50_moss.p3d)
18:31:40.268 ENTITY    (W): Unknown object class 'pond' (dz\water\ponds\moss\pond_50x50_moss.p3d)
18:31:40.268 ENTITY    (W): Unknown object class 'pond' (dz\water\ponds\pond_small_16.p3d)
18:31:41.177 ENTITY    (W): Unknown object class 'pond' (dz\water\ponds\pond_50x50.p3d)
18:31:41.177 ENTITY    (W): Unknown object class 'pond' (dz\water\ponds\pond_50x50.p3d)
18:31:50.40  ENTITY    (W): Unknown object class 'pond' (dz\water\ponds\pond_50x50.p3d)
18:31:50.180 ENTITY    (W): Unknown object class 'pond' (dz\water\ponds\pond_small_19.p3d)
18:32:02.618 ENTITY    (W): Unknown object class 'pond' (dz\water\ponds\pond_big_38_03.p3d)
18:32:02.618 ENTITY    (W): Unknown object class 'pond' (dz\water\ponds\pond_big_38_04.p3d)
18:32:06.578 ENTITY    (W): Unknown object class 'pond' (dz\water\ponds\pond_50x50.p3d)
18:32:15.406 ENTITY    (W): Unknown object class 'pond' (dz\water\ponds\pond_50x50.p3d)
18:32:16.72  ENTITY    (W): Unknown object class 'pond' (dz\water\ponds\pond_big_40_02.p3d)
18:32:16.72  ENTITY    (W): Unknown object class 'pond' (dz\water\ponds\pond_big_40_04.p3d)
18:32:25.28  ENTITY    (W): Unknown object class 'pond' (dz\water\ponds\pond_50x50.p3d)
18:32:28.987 ENTITY    (W): Unknown object class 'pond' (dz\water\ponds\moss\pond_small_01_moss.p3d)
18:32:28.990 ENTITY    (W): Unknown object class 'pond' (dz\water\ponds\moss\pond_small_03_moss.p3d)
18:32:29.299 ENTITY    (W): Unknown object class 'pond' (dz\water\ponds\moss\pond_big_38_04_moss.p3d)
18:32:30.946 ENTITY    (W): Unknown object class 'pond' (dz\water\ponds\pond_50x50.p3d)
18:32:30.946 ENTITY    (W): Unknown object class 'pond' (dz\water\ponds\pond_50x50.p3d)
18:32:30.946 ENTITY    (W): Unknown object class 'pond' (dz\water\ponds\pond_50x50.p3d)
18:32:30.946 ENTITY    (W): Unknown object class 'pond' (dz\water\ponds\pond_50x50.p3d)
18:32:30.946 ENTITY    (W): Unknown object class 'pond' (dz\water\ponds\pond_50x50.p3d)
18:32:32.962 ENTITY    (W): Unknown object class 'pond' (dz\water\ponds\moss\pond_big_37_04_moss.p3d)
18:32:33.274 ENTITY    (W): Unknown object class 'pond' (dz\water\ponds\pond_small_01.p3d)
18:32:39.322 ENTITY    (W): Unknown object class 'building' (dz\structures\military\airfield\mil_aircraftshelter_grass_r.p3d)
18:32:39.322 ENTITY    (W): Unknown object class 'building' (dz\structures\military\airfield\mil_aircraftshelter_grass_r.p3d)
18:32:39.324 ENTITY       : Load entity type 'Land_Mil_AircraftShelter'
18:32:39.324  ENTITY    (W): Door 'DoorsTwin1' is missing geometry components for selection 'DoorsTwin1', check model+config
18:32:39.324  ENTITY    (W): Door 'DoorsTwin2' is missing geometry components for selection 'DoorsTwin2', check model+config
18:32:39.324  ENTITY    (W): Door 'DoorsTwin3' is missing geometry components for selection 'DoorsTwin3', check model+config
18:32:39.325 ENTITY    (W): Unknown object class 'building' (dz\structures\military\airfield\mil_aircraftshelter_grass_l.p3d)
18:32:39.325 ENTITY    (W): Unknown object class 'building' (dz\structures\military\airfield\mil_aircraftshelter_grass_l.p3d)
18:32:39.329 ENTITY    (W): Unknown object class 'building' (dz\structures\military\airfield\mil_aircraftshelter_grass_r.p3d)
18:32:39.329 ENTITY    (W): Unknown object class 'building' (dz\structures\military\airfield\mil_aircraftshelter_grass_l.p3d)
18:32:39.331 ENTITY    (W): Unknown object class 'building' (dz\structures\military\airfield\mil_aircraftshelter_grass_r.p3d)
18:32:39.331 ENTITY    (W): Unknown object class 'building' (dz\structures\military\airfield\mil_aircraftshelter_grass_l.p3d)
18:32:39.787 ENTITY    (W): Unknown object class 'pond' (dz\water\ponds\pond_50x50.p3d)
18:32:42.403 ENTITY    (W): Unknown object class 'pond' (dz\water\ponds\pond_small_02.p3d)
18:32:43.570 ENTITY    (W): Unknown object class 'pond' (dz\water\ponds\pond_50x50.p3d)
18:32:43.570 ENTITY    (W): Unknown object class 'pond' (dz\water\ponds\pond_50x50.p3d)
18:32:49.263 ENTITY    (W): Unknown object class 'pond' (dz\water\ponds\pond_50x50.p3d)
18:32:49.752 ENTITY    (W): Unknown object class 'pond' (dz\water\ponds\pond_50x50.p3d)
18:32:49.752 ENTITY    (W): Unknown object class 'pond' (dz\water\ponds\pond_50x50.p3d)
18:32:49.752 ENTITY    (W): Unknown object class 'pond' (dz\water\ponds\pond_50x50.p3d)
18:32:50.513 ENTITY    (W): Unknown object class 'pond' (dz\water\ponds\pond_50x50.p3d)
18:32:50.982 ENTITY    (W): Unknown object class 'pond' (dz\water\ponds\pond_50x50.p3d)
18:32:52.982 ENTITY    (W): Unknown object class 'pond' (dz\water\ponds\pond_50x50.p3d)
18:32:52.982 ENTITY    (W): Unknown object class 'pond' (dz\water\ponds\pond_50x50.p3d)
18:32:55.167 ENTITY    (W): Unknown object class 'pond' (dz\water\ponds\pond_50x50.p3d)
18:32:59.601 ENTITY    (W): Unknown object class 'pond' (dz\water\ponds\pond_50x50.p3d)
18:33:01.374 ENTITY    (W): Unknown object class 'pond' (dz\water\ponds\pond_50x50.p3d)
18:33:07.230 ENTITY    (W): Unknown object class 'pond' (dz\water\ponds\moss\pond_small_06_moss.p3d)
18:33:07.230 ENTITY    (W): Unknown object class 'pond' (dz\water\ponds\moss\pond_small_22_moss.p3d)
18:33:07.230 ENTITY    (W): Unknown object class 'pond' (dz\water\ponds\moss\pond_50x50_moss.p3d)
18:33:09.616 ENTITY    (W): Unknown object class 'pond' (dz\water\ponds\pond_small_08.p3d)
18:33:13.572 ENTITY    (W): Unknown object class 'pond' (dz\water\ponds\pond_50x50.p3d)
18:33:14.601 ENTITY    (W): Unknown object class 'pond' (dz\water\ponds\pond_small_05.p3d)
18:33:15.448 ENTITY    (W): Unknown object class 'pond' (dz\water\ponds\pond_50x50.p3d)
18:33:15.449 ENTITY    (W): Unknown object class 'pond' (dz\water\ponds\pond_50x50.p3d)
18:33:16.328 ENTITY    (W): Unknown object class 'pond' (dz\water\ponds\pond_50x50.p3d)
18:33:16.497 ENTITY    (W): Unknown object class 'pond' (dz\water\ponds\pond_50x50.p3d)
18:33:16.497 ENTITY    (W): Unknown object class 'pond' (dz\water\ponds\pond_50x50.p3d)
18:33:16.497 ENTITY    (W): Unknown object class 'pond' (dz\water\ponds\pond_50x50.p3d)
18:33:56.778 [A2S] received data
18:33:56.778 [A2S] A2S_INFO
18:36:01.866 [A2S] received data
18:36:01.866 [A2S] A2S_INFO
18:36:01.866 [A2S] received data
18:36:01.866 [A2S] A2S_PLAYER
18:36:01.866 [A2S] received data
18:36:01.866 [A2S] A2S_RULES
18:38:57.959 [A2S] received data
18:38:57.959 [A2S] A2S_INFO
18:39:01.301 [A2S] received data
18:39:01.302 [A2S] A2S_INFO
18:39:01.302 [A2S] received data
18:39:01.302 [A2S] A2S_PLAYER
18:39:01.302 [A2S] received data
18:39:01.302 [A2S] A2S_RULES
18:39:51.524 [A2S] received data
18:39:51.524 [A2S] A2S_INFO
18:39:51.524 [A2S] received data
18:39:51.524 [A2S] A2S_PLAYER
18:39:51.524 [A2S] received data
18:39:51.524 [A2S] A2S_RULES
18:40:57.137 [A2S] received data
18:40:57.137 [A2S] A2S_INFO
18:40:57.137 [A2S] received data
18:40:57.137 [A2S] A2S_PLAYER
18:40:57.137 [A2S] received data
18:40:57.137 [A2S] A2S_RULES
18:42:02.486 [A2S] received data
18:42:02.486 [A2S] A2S_INFO
18:42:02.486 [A2S] received data
18:42:02.486 [A2S] A2S_PLAYER
18:42:02.486 [A2S] received data
18:42:02.486 [A2S] A2S_RULES
18:42:41.501 [A2S] received data
18:42:41.501 [A2S] A2S_INFO
18:42:41.501 [A2S] received data
18:42:41.501 [A2S] A2S_PLAYER
18:42:41.501 [A2S] received data
18:42:41.501 [A2S] A2S_RULES
18:43:34.522 [A2S] received data
18:43:34.522 [A2S] A2S_INFO
18:43:34.522 [A2S] received data
18:43:34.522 [A2S] A2S_PLAYER
18:43:34.522 [A2S] received data
18:43:34.522 [A2S] A2S_RULES
18:43:58.701 [A2S] received data
18:43:58.701 [A2S] A2S_INFO
18:45:00.177 [A2S] received data
18:45:00.177 [A2S] A2S_INFO
18:45:00.177 [A2S] received data
18:45:00.177 [A2S] A2S_PLAYER
18:45:00.177 [A2S] received data
18:45:00.177 [A2S] A2S_RULES
18:45:40.492 [A2S] received data
18:45:40.492 [A2S] A2S_INFO
18:45:40.492 [A2S] received data
18:45:40.492 [A2S] A2S_PLAYER
18:45:40.492 [A2S] received data
18:45:40.492 [A2S] A2S_RULES
18:46:46.89  [A2S] received data
18:46:46.89  [A2S] A2S_INFO
18:46:46.89  [A2S] received data
18:46:46.89  [A2S] A2S_PLAYER
18:46:46.89  [A2S] received data
18:46:46.89  [A2S] A2S_RULES
18:47:58.06  [A2S] received data
18:47:58.06  [A2S] A2S_INFO
18:47:58.06  [A2S] received data
18:47:58.06  [A2S] A2S_PLAYER
18:47:58.06  [A2S] received data
18:47:58.06  [A2S] A2S_RULES
18:48:23.335 [A2S] received data
18:48:23.335 [A2S] A2S_INFO
18:48:23.335 [A2S] received data
18:48:23.335 [A2S] A2S_PLAYER
18:48:23.335 [A2S] received data
18:48:23.335 [A2S] A2S_RULES
18:48:56.705 [A2S] received data
18:48:56.705 [A2S] A2S_INFO
18:50:07.524 [A2S] received data
18:50:07.524 [A2S] A2S_INFO
18:50:07.524 [A2S] received data
18:50:07.524 [A2S] A2S_PLAYER
18:50:07.524 [A2S] received data
18:50:07.524 [A2S] A2S_RULES
18:51:06.972 [A2S] received data
18:51:06.972 [A2S] A2S_INFO
18:51:06.972 [A2S] received data
18:51:06.972 [A2S] A2S_PLAYER
18:51:06.973 [A2S] received data
18:51:06.973 [A2S] A2S_RULES
18:52:11.78  [A2S] received data
18:52:11.78  [A2S] A2S_INFO
18:52:11.78  [A2S] received data
18:52:11.78  [A2S] A2S_PLAYER
18:52:11.78  [A2S] received data
18:52:11.78  [A2S] A2S_RULES
18:52:46.125 [A2S] received data
18:52:46.125 [A2S] A2S_INFO
18:52:46.126 [A2S] received data
18:52:46.126 [A2S] A2S_PLAYER
18:52:46.126 [A2S] received data
18:52:46.126 [A2S] A2S_RULES
18:53:56.980 [A2S] received data
18:53:56.980 [A2S] A2S_INFO
18:54:07.794 [A2S] received data
18:54:07.794 [A2S] A2S_INFO
18:54:07.794 [A2S] received data
18:54:07.794 [A2S] A2S_PLAYER
18:54:07.794 [A2S] received data
18:54:07.794 [A2S] A2S_RULES
18:55:57.772 [A2S] received data
18:55:57.772 [A2S] A2S_INFO
18:55:57.772 [A2S] received data
18:55:57.772 [A2S] A2S_PLAYER
18:55:57.772 [A2S] received data
18:55:57.772 [A2S] A2S_RULES
18:56:36.688 [A2S] received data
18:56:36.688 [A2S] A2S_INFO
18:56:36.691 [A2S] received data
18:56:36.691 [A2S] A2S_PLAYER
18:56:36.691 [A2S] received data
18:56:36.691 [A2S] A2S_RULES
18:57:58.947 [A2S] received data
18:57:58.947 [A2S] A2S_INFO
18:57:58.947 [A2S] received data
18:57:58.947 [A2S] A2S_PLAYER
18:57:58.947 [A2S] received data
18:57:58.947 [A2S] A2S_RULES
18:58:56.738 [A2S] received data
18:58:56.738 [A2S] A2S_INFO
18:59:56.783 [A2S] received data
18:59:56.783 [A2S] A2S_INFO
18:59:56.783 [A2S] received data
18:59:56.783 [A2S] A2S_PLAYER
18:59:56.783 [A2S] received data
18:59:56.783 [A2S] A2S_RULES
19:00:14.109 [A2S] received data
19:00:14.109 [A2S] A2S_INFO
19:00:14.109 [A2S] received data
19:00:14.109 [A2S] A2S_PLAYER
19:00:14.109 [A2S] received data
19:00:14.109 [A2S] A2S_RULES
19:01:32.839 [A2S] received data
19:01:32.839 [A2S] A2S_INFO
19:01:32.839 [A2S] received data
19:01:32.839 [A2S] A2S_PLAYER
19:01:32.839 [A2S] received data
19:01:32.839 [A2S] A2S_RULES
19:01:52.503 [A2S] received data
19:01:52.503 [A2S] A2S_INFO
19:01:52.503 [A2S] received data
19:01:52.503 [A2S] A2S_PLAYER
19:01:52.503 [A2S] received data
19:01:52.503 [A2S] A2S_RULES
19:03:07.545 [A2S] received data
19:03:07.545 [A2S] A2S_INFO
19:03:07.545 [A2S] received data
19:03:07.545 [A2S] A2S_PLAYER
19:03:07.545 [A2S] received data
19:03:07.545 [A2S] A2S_RULES
19:03:58.16  [A2S] received data
19:03:58.16  [A2S] A2S_INFO
19:04:24.968 [A2S] received data
19:04:24.968 [A2S] A2S_INFO
19:04:24.968 [A2S] received data
19:04:24.968 [A2S] A2S_PLAYER
19:04:24.968 [A2S] received data
19:04:24.968 [A2S] A2S_RULES
19:05:08.272 [A2S] received data
19:05:08.272 [A2S] A2S_INFO
19:05:08.272 [A2S] received data
19:05:08.272 [A2S] A2S_PLAYER
19:05:08.272 [A2S] received data
19:05:08.272 [A2S] A2S_RULES
19:07:05.907 [A2S] received data
19:07:05.907 [A2S] A2S_INFO
19:07:05.907 [A2S] received data
19:07:05.907 [A2S] A2S_PLAYER
19:07:05.907 [A2S] received data
19:07:05.907 [A2S] A2S_RULES
19:07:50.63  [A2S] received data
19:07:50.63  [A2S] A2S_INFO
19:07:50.63  [A2S] received data
19:07:50.63  [A2S] A2S_PLAYER
19:07:50.63  [A2S] received data
19:07:50.64  [A2S] A2S_RULES
19:08:39.540 [A2S] received data
19:08:39.540 [A2S] A2S_INFO
19:08:39.540 [A2S] received data
19:08:39.540 [A2S] A2S_PLAYER
19:08:39.540 [A2S] received data
19:08:39.540 [A2S] A2S_RULES
19:08:57.537 [A2S] received data
19:08:57.537 [A2S] A2S_INFO
19:10:39.282 [A2S] received data
19:10:39.282 [A2S] A2S_INFO
19:10:39.282 [A2S] received data
19:10:39.282 [A2S] A2S_PLAYER
19:10:39.282 [A2S] received data
19:10:39.282 [A2S] A2S_RULES
19:10:39.636 [A2S] received data
19:10:39.636 [A2S] A2S_INFO
19:10:39.636 [A2S] received data
19:10:39.636 [A2S] A2S_PLAYER
19:10:39.636 [A2S] received data
19:10:39.636 [A2S] A2S_RULES
19:13:14.293 [A2S] received data
19:13:14.293 [A2S] A2S_INFO
19:13:14.293 [A2S] received data
19:13:14.293 [A2S] A2S_PLAYER
19:13:14.293 [A2S] received data
19:13:14.293 [A2S] A2S_RULES
19:13:57.719 [A2S] received data
19:13:57.719 [A2S] A2S_INFO
19:14:26.968 [A2S] received data
19:14:26.968 [A2S] A2S_INFO
19:14:26.968 [A2S] received data
19:14:26.968 [A2S] A2S_PLAYER
19:14:26.968 [A2S] received data
19:14:26.968 [A2S] A2S_RULES
19:15:20.203 [A2S] received data
19:15:20.203 [A2S] A2S_INFO
19:15:20.203 [A2S] received data
19:15:20.203 [A2S] A2S_PLAYER
19:15:20.203 [A2S] received data
19:15:20.203 [A2S] A2S_RULES
19:17:15.693 [A2S] received data
19:17:15.694 [A2S] A2S_INFO
19:17:15.694 [A2S] received data
19:17:15.694 [A2S] A2S_PLAYER
19:17:15.694 [A2S] received data
19:17:15.694 [A2S] A2S_RULES
19:17:20.171 [A2S] received data
19:17:20.171 [A2S] A2S_INFO
19:17:20.171 [A2S] received data
19:17:20.171 [A2S] A2S_PLAYER
19:17:20.171 [A2S] received data
19:17:20.171 [A2S] A2S_RULES
19:18:57.505 [A2S] received data
19:18:57.505 [A2S] A2S_INFO
19:18:57.578 [A2S] received data
19:18:57.578 [A2S] A2S_INFO
19:18:57.578 [A2S] received data
19:18:57.578 [A2S] A2S_PLAYER
19:18:57.578 [A2S] received data
19:18:57.578 [A2S] A2S_RULES
19:18:57.592 [A2S] received data
19:18:57.592 [A2S] A2S_INFO
19:18:57.597 [A2S] received data
19:18:57.597 [A2S] A2S_PLAYER
19:18:57.597 [A2S] received data
19:18:57.597 [A2S] A2S_RULES
19:19:57.675 [A2S] received data
19:19:57.675 [A2S] A2S_INFO
19:19:57.676 [A2S] received data
19:19:57.676 [A2S] A2S_PLAYER
19:19:57.677 [A2S] received data
19:19:57.677 [A2S] A2S_RULES
19:21:28.507 [A2S] received data
19:21:28.507 [A2S] A2S_INFO
19:21:28.507 [A2S] received data
19:21:28.507 [A2S] A2S_PLAYER
19:21:28.507 [A2S] received data
19:21:28.507 [A2S] A2S_RULES
19:22:37.125 [A2S] received data
19:22:37.125 [A2S] A2S_INFO
19:22:37.125 [A2S] received data
19:22:37.125 [A2S] A2S_PLAYER
19:22:37.125 [A2S] received data
19:22:37.125 [A2S] A2S_RULES
19:23:06.195 [A2S] received data
19:23:06.195 [A2S] A2S_INFO
19:23:06.195 [A2S] received data
19:23:06.198 [A2S] A2S_PLAYER
19:23:06.200 [A2S] received data
19:23:06.201 [A2S] A2S_RULES
19:23:57.655 [A2S] received data
19:23:57.655 [A2S] A2S_INFO
19:24:56.772 [A2S] received data
19:24:56.772 [A2S] A2S_INFO
19:24:56.772 [A2S] received data
19:24:56.772 [A2S] A2S_PLAYER
19:24:56.772 [A2S] received data
19:24:56.772 [A2S] A2S_RULES
19:25:28.25  [A2S] received data
19:25:28.25  [A2S] A2S_INFO
19:25:28.25  [A2S] received data
19:25:28.25  [A2S] A2S_PLAYER
19:25:28.25  [A2S] received data
19:25:28.25  [A2S] A2S_RULES
19:27:02.259 [A2S] received data
19:27:02.259 [A2S] A2S_INFO
19:27:02.259 [A2S] received data
19:27:02.259 [A2S] A2S_PLAYER
19:27:02.259 [A2S] received data
19:27:02.259 [A2S] A2S_RULES
19:27:29.930 [A2S] received data
19:27:29.930 [A2S] A2S_INFO
19:27:29.930 [A2S] received data
19:27:29.930 [A2S] A2S_PLAYER
19:27:29.931 [A2S] received data
19:27:29.931 [A2S] A2S_RULES
19:28:37.709 [A2S] received data
19:28:37.709 [A2S] A2S_INFO
19:28:37.709 [A2S] received data
19:28:37.709 [A2S] A2S_PLAYER
19:28:37.709 [A2S] received data
19:28:37.709 [A2S] A2S_RULES
19:29:07.300 [A2S] received data
19:29:07.300 [A2S] A2S_INFO
19:29:54.266 [A2S] received data
19:29:54.266 [A2S] A2S_INFO
19:29:54.271 [A2S] received data
19:29:54.271 [A2S] A2S_PLAYER
19:29:54.271 [A2S] received data
19:29:54.271 [A2S] A2S_RULES
19:30:22.268 [A2S] received data
19:30:22.268 [A2S] A2S_INFO
19:30:22.268 [A2S] received data
19:30:22.268 [A2S] A2S_PLAYER
19:30:22.268 [A2S] received data
19:30:22.268 [A2S] A2S_RULES
19:32:21.844 [A2S] received data
19:32:21.844 [A2S] A2S_INFO
19:32:21.845 [A2S] received data
19:32:21.845 [A2S] A2S_PLAYER
19:32:21.845 [A2S] received data
19:32:21.845 [A2S] A2S_RULES
19:32:29.991 [A2S] received data
19:32:29.991 [A2S] A2S_INFO
19:32:29.991 [A2S] received data
19:32:29.991 [A2S] A2S_PLAYER
19:32:29.991 [A2S] received data
19:32:29.991 [A2S] A2S_RULES
19:33:57.204 [A2S] received data
19:33:57.204 [A2S] A2S_INFO
19:34:38.249 [A2S] received data
19:34:38.249 [A2S] A2S_INFO
19:34:38.249 [A2S] received data
19:34:38.249 [A2S] A2S_PLAYER
19:34:38.249 [A2S] received data
19:34:38.249 [A2S] A2S_RULES
19:35:02.03  [A2S] received data
19:35:02.04  [A2S] A2S_INFO
19:35:02.04  [A2S] received data
19:35:02.04  [A2S] A2S_PLAYER
19:35:02.04  [A2S] received data
19:35:02.05  [A2S] A2S_RULES
19:36:35.617 [A2S] received data
19:36:35.617 [A2S] A2S_INFO
19:36:35.617 [A2S] received data
19:36:35.617 [A2S] A2S_PLAYER
19:36:35.617 [A2S] received data
19:36:35.617 [A2S] A2S_RULES
19:37:59.598 [A2S] received data
19:37:59.598 [A2S] A2S_INFO
19:37:59.598 [A2S] received data
19:37:59.598 [A2S] A2S_PLAYER
19:37:59.599 [A2S] received data
19:37:59.599 [A2S] A2S_RULES
19:38:23.304 [A2S] received data
19:38:23.304 [A2S] A2S_INFO
19:38:23.304 [A2S] received data
19:38:23.304 [A2S] A2S_PLAYER
19:38:23.304 [A2S] received data
19:38:23.304 [A2S] A2S_RULES
19:38:57.538 [A2S] received data
19:38:57.538 [A2S] A2S_INFO
19:39:29.377 [A2S] received data
19:39:29.377 [A2S] A2S_INFO
19:39:29.377 [A2S] received data
19:39:29.377 [A2S] A2S_PLAYER
19:39:29.377 [A2S] received data
19:39:29.378 [A2S] A2S_RULES
19:41:15.609 [A2S] received data
19:41:15.609 [A2S] A2S_INFO
19:41:15.620 [A2S] received data
19:41:15.620 [A2S] A2S_PLAYER
19:41:15.620 [A2S] received data
19:41:15.620 [A2S] A2S_RULES
19:41:20.562 [A2S] received data
19:41:20.562 [A2S] A2S_INFO
19:41:20.562 [A2S] received data
19:41:20.563 [A2S] A2S_PLAYER
19:41:20.563 [A2S] received data
19:41:20.563 [A2S] A2S_RULES
19:43:07.282 [A2S] received data
19:43:07.282 [A2S] A2S_INFO
19:43:07.282 [A2S] received data
19:43:07.282 [A2S] A2S_PLAYER
19:43:07.282 [A2S] received data
19:43:07.282 [A2S] A2S_RULES
19:43:21.351 [A2S] received data
19:43:21.351 [A2S] A2S_INFO
19:43:21.352 [A2S] received data
19:43:21.353 [A2S] A2S_PLAYER
19:43:21.353 [A2S] received data
19:43:21.353 [A2S] A2S_RULES
19:43:57.568 [A2S] received data
19:43:57.568 [A2S] A2S_INFO
19:44:37.50  [A2S] received data
19:44:37.50  [A2S] A2S_INFO
19:44:37.50  [A2S] received data
19:44:37.50  [A2S] A2S_PLAYER
19:44:37.50  [A2S] received data
19:44:37.50  [A2S] A2S_RULES
19:45:12.343 [A2S] received data
19:45:12.343 [A2S] A2S_INFO
19:45:12.343 [A2S] received data
19:45:12.343 [A2S] A2S_PLAYER
19:45:12.343 [A2S] received data
19:45:12.343 [A2S] A2S_RULES
19:46:59.248 [A2S] received data
19:46:59.248 [A2S] A2S_INFO
19:46:59.248 [A2S] received data
19:46:59.248 [A2S] A2S_PLAYER
19:46:59.248 [A2S] received data
19:46:59.248 [A2S] A2S_RULES
19:48:22.239 [A2S] received data
19:48:22.240 [A2S] A2S_INFO
19:48:22.242 [A2S] received data
19:48:22.243 [A2S] A2S_PLAYER
19:48:22.244 [A2S] received data
19:48:22.245 [A2S] A2S_RULES
19:48:57.982 [A2S] received data
19:48:57.982 [A2S] A2S_INFO
19:48:59.191 [A2S] received data
19:48:59.191 [A2S] A2S_INFO
19:48:59.191 [A2S] received data
19:48:59.191 [A2S] A2S_PLAYER
19:48:59.191 [A2S] received data
19:48:59.191 [A2S] A2S_RULES
19:50:14.71  [A2S] received data
19:50:14.71  [A2S] A2S_INFO
19:50:14.71  [A2S] received data
19:50:14.71  [A2S] A2S_PLAYER
19:50:14.71  [A2S] received data
19:50:14.71  [A2S] A2S_RULES
19:51:26.866 [A2S] received data
19:51:26.866 [A2S] A2S_INFO
19:51:26.866 [A2S] received data
19:51:26.866 [A2S] A2S_PLAYER
19:51:26.866 [A2S] received data
19:51:26.866 [A2S] A2S_RULES
19:52:35.60  [A2S] received data
19:52:35.60  [A2S] A2S_INFO
19:52:35.60  [A2S] received data
19:52:35.60  [A2S] A2S_PLAYER
19:52:35.60  [A2S] received data
19:52:35.60  [A2S] A2S_RULES
19:53:09.87  [A2S] received data
19:53:09.87  [A2S] A2S_INFO
19:53:09.87  [A2S] received data
19:53:09.87  [A2S] A2S_PLAYER
19:53:09.87  [A2S] received data
19:53:09.87  [A2S] A2S_RULES
19:53:32.658 [A2S] received data
19:53:32.658 [A2S] A2S_INFO
19:53:32.658 [A2S] received data
19:53:32.658 [A2S] A2S_PLAYER
19:53:32.658 [A2S] received data
19:53:32.658 [A2S] A2S_RULES
19:53:58.01  [A2S] received data
19:53:58.01  [A2S] A2S_INFO
19:54:37.16  [A2S] received data
19:54:37.16  [A2S] A2S_INFO
19:54:37.17  [A2S] received data
19:54:37.17  [A2S] A2S_PLAYER
19:54:37.18  [A2S] received data
19:54:37.18  [A2S] A2S_RULES
19:54:58.370 [A2S] received data
19:54:58.371 [A2S] A2S_INFO
19:54:58.371 [A2S] received data
19:54:58.371 [A2S] A2S_PLAYER
19:54:58.371 [A2S] received data
19:54:58.371 [A2S] A2S_RULES
19:56:24.641 [A2S] received data
19:56:24.641 [A2S] A2S_INFO
19:56:24.641 [A2S] received data
19:56:24.641 [A2S] A2S_PLAYER
19:56:24.641 [A2S] received data
19:56:24.641 [A2S] A2S_RULES
19:56:39.328 [A2S] received data
19:56:39.328 [A2S] A2S_INFO
19:56:39.328 [A2S] received data
19:56:39.328 [A2S] A2S_PLAYER
19:56:39.328 [A2S] received data
19:56:39.328 [A2S] A2S_RULES
19:58:27.428 [A2S] received data
19:58:27.429 [A2S] A2S_INFO
19:58:27.429 [A2S] received data
19:58:27.429 [A2S] A2S_PLAYER
19:58:27.429 [A2S] received data
19:58:27.429 [A2S] A2S_RULES
19:59:08.331 [A2S] received data
19:59:08.331 [A2S] A2S_INFO
19:59:36.363 [A2S] received data
19:59:36.364 [A2S] A2S_INFO
19:59:36.365 [A2S] received data
19:59:36.365 [A2S] A2S_PLAYER
19:59:36.366 [A2S] received data
19:59:36.367 [A2S] A2S_RULES
20:00:29.783 [A2S] received data
20:00:29.783 [A2S] A2S_INFO
20:00:29.783 [A2S] received data
20:00:29.783 [A2S] A2S_PLAYER
20:00:29.783 [A2S] received data
20:00:29.783 [A2S] A2S_RULES
20:01:57.599 [A2S] received data
20:01:57.599 [A2S] A2S_INFO
20:01:57.599 [A2S] received data
20:01:57.599 [A2S] A2S_PLAYER
20:01:57.599 [A2S] received data
20:01:57.599 [A2S] A2S_RULES
20:03:42.157 [A2S] received data
20:03:42.157 [A2S] A2S_INFO
20:03:42.157 [A2S] received data
20:03:42.157 [A2S] A2S_PLAYER
20:03:42.157 [A2S] received data
20:03:42.157 [A2S] A2S_RULES
20:04:08.446 [A2S] received data
20:04:08.451 [A2S] A2S_INFO
20:04:08.452 [A2S] received data
20:04:08.452 [A2S] A2S_PLAYER
20:04:08.453 [A2S] received data
20:04:08.453 [A2S] A2S_RULES
20:04:10.347 [A2S] received data
20:04:10.347 [A2S] A2S_INFO
20:04:50.862 [A2S] received data
20:04:50.862 [A2S] A2S_INFO
20:04:50.862 [A2S] received data
20:04:50.862 [A2S] A2S_PLAYER
20:04:50.862 [A2S] received data
20:04:50.862 [A2S] A2S_RULES
20:06:45.22  [A2S] received data
20:06:45.22  [A2S] A2S_INFO
20:06:45.22  [A2S] received data
20:06:45.22  [A2S] A2S_PLAYER
20:06:45.22  [A2S] received data
20:06:45.22  [A2S] A2S_RULES
20:07:20.856 [A2S] received data
20:07:20.856 [A2S] A2S_INFO
20:07:20.856 [A2S] received data
20:07:20.866 [A2S] A2S_PLAYER
20:07:20.866 [A2S] received data
20:07:20.866 [A2S] A2S_RULES
20:08:39.317 [A2S] received data
20:08:39.317 [A2S] A2S_INFO
20:08:39.317 [A2S] received data
20:08:39.317 [A2S] A2S_PLAYER
20:08:39.317 [A2S] received data
20:08:39.317 [A2S] A2S_RULES
20:09:08.590 [A2S] received data
20:09:08.590 [A2S] A2S_INFO
20:09:43.801 [A2S] received data
20:09:43.801 [A2S] A2S_INFO
20:09:43.801 [A2S] received data
20:09:43.801 [A2S] A2S_PLAYER
20:09:43.801 [A2S] received data
20:09:43.801 [A2S] A2S_RULES
20:09:56.172 [A2S] received data
20:09:56.172 [A2S] A2S_INFO
20:09:56.172 [A2S] received data
20:09:56.172 [A2S] A2S_PLAYER
20:09:56.172 [A2S] received data
20:09:56.172 [A2S] A2S_RULES
20:11:43.613 [A2S] received data
20:11:43.613 [A2S] A2S_INFO
20:11:43.613 [A2S] received data
20:11:43.613 [A2S] A2S_PLAYER
20:11:43.613 [A2S] received data
20:11:43.613 [A2S] A2S_RULES
20:12:21.225 [A2S] received data
20:12:21.225 [A2S] A2S_INFO
20:12:21.225 [A2S] received data
20:12:21.225 [A2S] A2S_PLAYER
20:12:21.225 [A2S] received data
20:12:21.225 [A2S] A2S_RULES
20:13:13.387 [A2S] received data
20:13:13.387 [A2S] A2S_INFO
20:13:13.387 [A2S] received data
20:13:13.387 [A2S] A2S_PLAYER
20:13:13.387 [A2S] received data
20:13:13.387 [A2S] A2S_RULES
20:13:58.318 [A2S] received data
20:13:58.318 [A2S] A2S_INFO
20:14:56.637 [A2S] received data
20:14:56.637 [A2S] A2S_INFO
20:14:56.637 [A2S] received data
20:14:56.637 [A2S] A2S_PLAYER
20:14:56.637 [A2S] received data
20:14:56.637 [A2S] A2S_RULES
20:15:14.38  [A2S] received data
20:15:14.38  [A2S] A2S_INFO
20:15:14.41  [A2S] received data
20:15:14.42  [A2S] A2S_PLAYER
20:15:14.43  [A2S] received data
20:15:14.43  [A2S] A2S_RULES
20:16:48.810 [A2S] received data
20:16:48.810 [A2S] A2S_INFO
20:16:48.810 [A2S] received data
20:16:48.810 [A2S] A2S_PLAYER
20:16:48.810 [A2S] received data
20:16:48.810 [A2S] A2S_RULES
20:18:23.538 [A2S] received data
20:18:23.538 [A2S] A2S_INFO
20:18:23.538 [A2S] received data
20:18:23.538 [A2S] A2S_PLAYER
20:18:23.538 [A2S] received data
20:18:23.538 [A2S] A2S_RULES
20:18:58.707 [A2S] received data
20:18:58.707 [A2S] A2S_INFO
20:19:08.308 [A2S] received data
20:19:08.308 [A2S] A2S_INFO
20:19:08.308 [A2S] received data
20:19:08.308 [A2S] A2S_PLAYER
20:19:08.308 [A2S] received data
20:19:08.308 [A2S] A2S_RULES
20:20:59.280 [A2S] received data
20:20:59.280 [A2S] A2S_INFO
20:20:59.280 [A2S] received data
20:20:59.280 [A2S] A2S_PLAYER
20:20:59.280 [A2S] received data
20:20:59.280 [A2S] A2S_RULES
20:22:05.107 [A2S] received data
20:22:05.107 [A2S] A2S_INFO
20:22:05.107 [A2S] received data
20:22:05.107 [A2S] A2S_PLAYER
20:22:05.107 [A2S] received data
20:22:05.107 [A2S] A2S_RULES
20:22:11.268 [A2S] received data
20:22:11.268 [A2S] A2S_INFO
20:22:11.268 [A2S] received data
20:22:11.268 [A2S] A2S_PLAYER
20:22:11.268 [A2S] received data
20:22:11.268 [A2S] A2S_RULES
20:22:53.729 [A2S] received data
20:22:53.729 [A2S] A2S_INFO
20:22:53.729 [A2S] received data
20:22:53.729 [A2S] A2S_PLAYER
20:22:53.729 [A2S] received data
20:22:53.729 [A2S] A2S_RULES
20:23:36.562 [A2S] received data
20:23:36.562 [A2S] A2S_INFO
20:23:36.562 [A2S] received data
20:23:36.562 [A2S] A2S_PLAYER
20:23:36.562 [A2S] received data
20:23:36.562 [A2S] A2S_RULES
20:23:57.402 [A2S] received data
20:23:57.402 [A2S] A2S_INFO
20:25:00.391 [A2S] received data
20:25:00.391 [A2S] A2S_INFO
20:25:00.391 [A2S] received data
20:25:00.391 [A2S] A2S_PLAYER
20:25:00.391 [A2S] received data
20:25:00.391 [A2S] A2S_RULES
20:25:40.450 [A2S] received data
20:25:40.450 [A2S] A2S_INFO
20:25:40.450 [A2S] received data
20:25:40.450 [A2S] A2S_PLAYER
20:25:40.450 [A2S] received data
20:25:40.450 [A2S] A2S_RULES
20:26:41.63  [A2S] received data
20:26:41.63  [A2S] A2S_INFO
20:26:41.63  [A2S] received data
20:26:41.63  [A2S] A2S_PLAYER
20:26:41.63  [A2S] received data
20:26:41.63  [A2S] A2S_RULES
20:28:17.392 [A2S] received data
20:28:17.392 [A2S] A2S_INFO
20:28:17.392 [A2S] received data
20:28:17.392 [A2S] A2S_PLAYER
20:28:17.392 [A2S] received data
20:28:17.392 [A2S] A2S_RULES
20:28:22.890 [A2S] received data
20:28:22.890 [A2S] A2S_INFO
20:28:22.890 [A2S] received data
20:28:22.890 [A2S] A2S_PLAYER
20:28:22.890 [A2S] received data
20:28:22.890 [A2S] A2S_RULES
20:28:57.749 [A2S] received data
20:28:57.749 [A2S] A2S_INFO
20:30:11.80  [A2S] received data
20:30:11.80  [A2S] A2S_INFO
20:30:11.80  [A2S] received data
20:30:11.80  [A2S] A2S_PLAYER
20:30:11.80  [A2S] received data
20:30:11.80  [A2S] A2S_RULES
20:31:14.278 [A2S] received data
20:31:14.278 [A2S] A2S_INFO
20:31:14.278 [A2S] received data
20:31:14.278 [A2S] A2S_PLAYER
20:31:14.278 [A2S] received data
20:31:14.278 [A2S] A2S_RULES
20:32:50.485 [A2S] received data
20:32:50.485 [A2S] A2S_INFO
20:32:50.485 [A2S] received data
20:32:50.485 [A2S] A2S_PLAYER
20:32:50.485 [A2S] received data
20:32:50.485 [A2S] A2S_RULES
20:32:59.176 [A2S] received data
20:32:59.176 [A2S] A2S_INFO
20:32:59.176 [A2S] received data
20:32:59.177 [A2S] A2S_PLAYER
20:32:59.177 [A2S] received data
20:32:59.177 [A2S] A2S_RULES
20:33:57.310 [A2S] received data
20:33:57.310 [A2S] A2S_INFO
20:34:15.268 [A2S] received data
20:34:15.268 [A2S] A2S_INFO
20:34:15.268 [A2S] received data
20:34:15.268 [A2S] A2S_PLAYER
20:34:15.268 [A2S] received data
20:34:15.268 [A2S] A2S_RULES
20:34:48.437 [A2S] received data
20:34:48.437 [A2S] A2S_INFO
20:34:48.437 [A2S] received data
20:34:48.437 [A2S] A2S_PLAYER
20:34:48.437 [A2S] received data
20:34:48.437 [A2S] A2S_RULES
20:37:10.800 [A2S] received data
20:37:10.800 [A2S] A2S_INFO
20:37:10.800 [A2S] received data
20:37:10.800 [A2S] A2S_PLAYER
20:37:10.800 [A2S] received data
20:37:10.800 [A2S] A2S_RULES
20:37:14.537 [A2S] received data
20:37:14.537 [A2S] A2S_INFO
20:37:14.537 [A2S] received data
20:37:14.537 [A2S] A2S_PLAYER
20:37:14.537 [A2S] received data
20:37:14.537 [A2S] A2S_RULES
20:38:18.362 [A2S] received data
20:38:18.362 [A2S] A2S_INFO
20:38:18.362 [A2S] received data
20:38:18.362 [A2S] A2S_PLAYER
20:38:18.366 [A2S] received data
20:38:18.366 [A2S] A2S_RULES
20:38:57.356 [A2S] received data
20:38:57.356 [A2S] A2S_INFO
20:39:11.757 [A2S] received data
20:39:11.757 [A2S] A2S_INFO
20:39:11.757 [A2S] received data
20:39:11.757 [A2S] A2S_PLAYER
20:39:11.757 [A2S] received data
20:39:11.757 [A2S] A2S_RULES
20:40:43.328 [A2S] received data
20:40:43.328 [A2S] A2S_INFO
20:40:43.328 [A2S] received data
20:40:43.328 [A2S] A2S_PLAYER
20:40:43.328 [A2S] received data
20:40:43.328 [A2S] A2S_RULES
20:41:01.25  [A2S] received data
20:41:01.25  [A2S] A2S_INFO
20:41:01.25  [A2S] received data
20:41:01.25  [A2S] A2S_PLAYER
20:41:01.25  [A2S] received data
20:41:01.25  [A2S] A2S_RULES
20:42:25.329 [A2S] received data
20:42:25.329 [A2S] A2S_INFO
20:42:25.329 [A2S] received data
20:42:25.329 [A2S] A2S_PLAYER
20:42:25.329 [A2S] received data
20:42:25.329 [A2S] A2S_RULES
20:43:22.166 [A2S] received data
20:43:22.166 [A2S] A2S_INFO
20:43:22.166 [A2S] received data
20:43:22.166 [A2S] A2S_PLAYER
20:43:22.166 [A2S] received data
20:43:22.166 [A2S] A2S_RULES
20:43:56.655 [A2S] received data
20:43:56.655 [A2S] A2S_INFO
20:44:07.648 [A2S] destroying...
20:44:07.648 [A2S] receive problem
20:44:07.648 [A2S] run finished
20:44:10.923  --- Termination successfully completed --- 
